{
 "type": "FeatureCollection",
 "features": [
  {
   "type": "Feature",
   "properties": {
    "name": "Lincoln Way",
    "highway": "secondary",
    "bicycle": "yes"
   },
   "geometry": {
    "type": "LineString",
    "coordinates": [
     [
      -122.460733,
      37.764345
     ],
     [
      -122.454206,
      37.765072
     ]
    ]
   }
  },
  {
   "type": "Feature",
   "properties": {
    "name": "Lincoln Way",
    "highway": "secondary",
    "bicycle": "yes"
   },
   "geometry": {
    "type": "LineString",
    "coordinates": [
     [
      -122.454206,
      37.765072
     ],
     [
      -122.452496,
      37.765262
     ]
    ]
   }
  },
  {
   "type": "Feature",
   "properties": {
    "name": "Martin Luther King Junior Drive",
    "highway": "tertiary",
    "bicycle": "yes"
   },
   "geometry": {
    "type": "LineString",
    "coordinates": [
     [
      -122.465535,
      37.765538
     ],
     [
      -122.460471,
      37.766102
     ]
    ]
   }
  },
  {
   "type": "Feature",
   "properties": {
    "name": "Martin Luther King Junior Drive",
    "highway": "tertiary",
    "bicycle": "yes"
   },
   "geometry": {
    "type": "LineString",
    "coordinates": [
     [
      -122.460471,
      37.766102
     ],
     [
      -122.454507,
      37.766767
     ]
    ]
   }
  },
  {
   "type": "Feature",
   "properties": {
    "name": "Middle Drive East",
    "highway": "tertiary",
    "bicycle": "yes"
   },
   "geometry": {
    "type": "LineString",
    "coordinates": [
     [
      -122.466104,
      37.76875
     ],
     [
      -122.46104,
      37.769314
     ]
    ]
   }
  },
  {
   "type": "Feature",
   "properties": {
    "name": "Middle Drive East",
    "highway": "tertiary",
    "bicycle": "yes"
   },
   "geometry": {
    "type": "LineString",
    "coordinates": [
     [
      -122.46104,
      37.769314
     ],
     [
      -122.455076,
      37.769979
     ]
    ]
   }
  },
  {
   "type": "Feature",
   "properties": {
    "name": "John F. Kennedy Drive",
    "highway": "tertiary",
    "bicycle": "designated"
   },
   "geometry": {
    "type": "LineString",
    "coordinates": [
     [
      -122.4668,
      37.772675
     ],
     [
      -122.461736,
      37.773239
     ]
    ]
   }
  },
  {
   "type": "Feature",
   "properties": {
    "name": "John F. Kennedy Drive",
    "highway": "tertiary",
    "bicycle": "designated"
   },
   "geometry": {
    "type": "LineString",
    "coordinates": [
     [
      -122.461736,
      37.773239
     ],
     [
      -122.455772,
      37.773904
     ]
    ]
   }
  },
  {
   "type": "Feature",
   "properties": {
    "name": "John F. Kennedy Drive",
    "highway": "tertiary",
    "bicycle": "designated"
   },
   "geometry": {
    "type": "LineString",
    "coordinates": [
     [
      -122.455772,
      37.773904
     ],
     [
      -122.454062,
      37.774095
     ]
    ]
   }
  },
  {
   "type": "Feature",
   "properties": {
    "name": "Golden Gate Park Multi-Use Path",
    "highway": "path",
    "bicycle": "designated",
    "surface": "asphalt"
   },
   "geometry": {
    "type": "LineString",
    "coordinates": [
     [
      -122.466911,
      37.7733
     ],
     [
      -122.461847,
      37.773864
     ]
    ]
   }
  },
  {
   "type": "Feature",
   "properties": {
    "name": "Golden Gate Park Multi-Use Path",
    "highway": "path",
    "bicycle": "designated",
    "surface": "asphalt"
   },
   "geometry": {
    "type": "LineString",
    "coordinates": [
     [
      -122.461847,
      37.773864
     ],
     [
      -122.455883,
      37.774528
     ]
    ]
   }
  },
  {
   "type": "Feature",
   "properties": {
    "name": "Golden Gate Park Multi-Use Path",
    "highway": "path",
    "bicycle": "designated",
    "surface": "asphalt"
   },
   "geometry": {
    "type": "LineString",
    "coordinates": [
     [
      -122.455883,
      37.774528
     ],
     [
      -122.454172,
      37.774719
     ]
    ]
   }
  },
  {
   "type": "Feature",
   "properties": {
    "name": "Transverse Drive",
    "highway": "tertiary"
   },
   "geometry": {
    "type": "LineString",
    "coordinates": [
     [
      -122.465535,
      37.765538
     ],
     [
      -122.466104,
      37.76875
     ]
    ]
   }
  },
  {
   "type": "Feature",
   "properties": {
    "name": "Transverse Drive",
    "highway": "tertiary"
   },
   "geometry": {
    "type": "LineString",
    "coordinates": [
     [
      -122.466104,
      37.76875
     ],
     [
      -122.4668,
      37.772675
     ]
    ]
   }
  },
  {
   "type": "Feature",
   "properties": {
    "name": "Transverse Drive",
    "highway": "tertiary"
   },
   "geometry": {
    "type": "LineString",
    "coordinates": [
     [
      -122.4668,
      37.772675
     ],
     [
      -122.466911,
      37.7733
     ]
    ]
   }
  },
  {
   "type": "Feature",
   "properties": {
    "name": "Stow Lake Drive",
    "highway": "tertiary",
    "bicycle": "yes"
   },
   "geometry": {
    "type": "LineString",
    "coordinates": [
     [
      -122.460471,
      37.766102
     ],
     [
      -122.46104,
      37.769314
     ]
    ]
   }
  },
  {
   "type": "Feature",
   "properties": {
    "name": "Stow Lake Drive",
    "highway": "tertiary",
    "bicycle": "yes"
   },
   "geometry": {
    "type": "LineString",
    "coordinates": [
     [
      -122.46104,
      37.769314
     ],
     [
      -122.461736,
      37.773239
     ]
    ]
   }
  },
  {
   "type": "Feature",
   "properties": {
    "name": "Stow Lake Drive",
    "highway": "tertiary",
    "bicycle": "yes"
   },
   "geometry": {
    "type": "LineString",
    "coordinates": [
     [
      -122.461736,
      37.773239
     ],
     [
      -122.461847,
      37.773864
     ]
    ]
   }
  },
  {
   "type": "Feature",
   "properties": {
    "name": "Kezar Drive",
    "highway": "tertiary",
    "bicycle": "yes"
   },
   "geometry": {
    "type": "LineString",
    "coordinates": [
     [
      -122.454206,
      37.765072
     ],
     [
      -122.454507,
      37.766767
     ]
    ]
   }
  },
  {
   "type": "Feature",
   "properties": {
    "name": "Kezar Drive",
    "highway": "tertiary",
    "bicycle": "yes"
   },
   "geometry": {
    "type": "LineString",
    "coordinates": [
     [
      -122.454507,
      37.766767
     ],
     [
      -122.455076,
      37.769979
     ]
    ]
   }
  },
  {
   "type": "Feature",
   "properties": {
    "name": "Kezar Drive",
    "highway": "tertiary",
    "bicycle": "yes"
   },
   "geometry": {
    "type": "LineString",
    "coordinates": [
     [
      -122.455076,
      37.769979
     ],
     [
      -122.455772,
      37.773904
     ]
    ]
   }
  },
  {
   "type": "Feature",
   "properties": {
    "name": "Kezar Drive",
    "highway": "tertiary",
    "bicycle": "yes"
   },
   "geometry": {
    "type": "LineString",
    "coordinates": [
     [
      -122.455772,
      37.773904
     ],
     [
      -122.455883,
      37.774528
     ]
    ]
   }
  },
  {
   "type": "Feature",
   "properties": {
    "name": "Panhandle Path",
    "highway": "path",
    "bicycle": "designated",
    "surface": "asphalt"
   },
   "geometry": {
    "type": "LineString",
    "coordinates": [
     [
      -122.453646,
      37.771748
     ],
     [
      -122.445656,
      37.772638
     ]
    ]
   }
  },
  {
   "type": "Feature",
   "properties": {
    "name": "Panhandle Path",
    "highway": "path",
    "bicycle": "designated",
    "surface": "asphalt"
   },
   "geometry": {
    "type": "LineString",
    "coordinates": [
     [
      -122.445656,
      37.772638
     ],
     [
      -122.444058,
      37.772817
     ]
    ]
   }
  },
  {
   "type": "Feature",
   "properties": {
    "name": "Panhandle Path",
    "highway": "path",
    "bicycle": "designated",
    "surface": "asphalt"
   },
   "geometry": {
    "type": "LineString",
    "coordinates": [
     [
      -122.444058,
      37.772817
     ],
     [
      -122.44246,
      37.772995
     ]
    ]
   }
  },
  {
   "type": "Feature",
   "properties": {
    "name": "Panhandle Path",
    "highway": "path",
    "bicycle": "designated",
    "surface": "asphalt"
   },
   "geometry": {
    "type": "LineString",
    "coordinates": [
     [
      -122.44246,
      37.772995
     ],
     [
      -122.440862,
      37.773173
     ]
    ]
   }
  },
  {
   "type": "Feature",
   "properties": {
    "name": "Frederick Street",
    "highway": "residential"
   },
   "geometry": {
    "type": "LineString",
    "coordinates": [
     [
      -122.452621,
      37.765967
     ],
     [
      -122.451023,
      37.766145
     ]
    ]
   }
  },
  {
   "type": "Feature",
   "properties": {
    "name": "Frederick Street",
    "highway": "residential"
   },
   "geometry": {
    "type": "LineString",
    "coordinates": [
     [
      -122.451023,
      37.766145
     ],
     [
      -122.449425,
      37.766323
     ]
    ]
   }
  },
  {
   "type": "Feature",
   "properties": {
    "name": "Frederick Street",
    "highway": "residential"
   },
   "geometry": {
    "type": "LineString",
    "coordinates": [
     [
      -122.449425,
      37.766323
     ],
     [
      -122.447827,
      37.766501
     ]
    ]
   }
  },
  {
   "type": "Feature",
   "properties": {
    "name": "Frederick Street",
    "highway": "residential"
   },
   "geometry": {
    "type": "LineString",
    "coordinates": [
     [
      -122.447827,
      37.766501
     ],
     [
      -122.446229,
      37.766679
     ]
    ]
   }
  },
  {
   "type": "Feature",
   "properties": {
    "name": "Frederick Street",
    "highway": "residential"
   },
   "geometry": {
    "type": "LineString",
    "coordinates": [
     [
      -122.446229,
      37.766679
     ],
     [
      -122.444631,
      37.766857
     ]
    ]
   }
  },
  {
   "type": "Feature",
   "properties": {
    "name": "Carl Street",
    "highway": "residential"
   },
   "geometry": {
    "type": "LineString",
    "coordinates": [
     [
      -122.450771,
      37.764727
     ],
     [
      -122.449173,
      37.764905
     ]
    ]
   }
  },
  {
   "type": "Feature",
   "properties": {
    "name": "Carl Street",
    "highway": "residential"
   },
   "geometry": {
    "type": "LineString",
    "coordinates": [
     [
      -122.449173,
      37.764905
     ],
     [
      -122.447576,
      37.765083
     ]
    ]
   }
  },
  {
   "type": "Feature",
   "properties": {
    "name": "Duboce Avenue",
    "highway": "residential",
    "bicycle": "designated"
   },
   "geometry": {
    "type": "LineString",
    "coordinates": [
     [
      -122.426441,
      37.76942
     ],
     [
      -122.429328,
      37.76951
     ]
    ]
   }
  },
  {
   "type": "Feature",
   "properties": {
    "name": "Duboce Avenue",
    "highway": "residential",
    "bicycle": "designated"
   },
   "geometry": {
    "type": "LineString",
    "coordinates": [
     [
      -122.429328,
      37.76951
     ],
     [
      -122.430384,
      37.769543
     ]
    ]
   }
  },
  {
   "type": "Feature",
   "properties": {
    "name": "Duboce Avenue",
    "highway": "residential",
    "bicycle": "designated"
   },
   "geometry": {
    "type": "LineString",
    "coordinates": [
     [
      -122.430384,
      37.769543
     ],
     [
      -122.431497,
      37.769578
     ]
    ]
   }
  },
  {
   "type": "Feature",
   "properties": {
    "name": "Duboce Avenue",
    "highway": "residential",
    "bicycle": "designated"
   },
   "geometry": {
    "type": "LineString",
    "coordinates": [
     [
      -122.431497,
      37.769578
     ],
     [
      -122.432519,
      37.76961
     ]
    ]
   }
  },
  {
   "type": "Feature",
   "properties": {
    "name": "Duboce Avenue",
    "highway": "residential",
    "bicycle": "designated"
   },
   "geometry": {
    "type": "LineString",
    "coordinates": [
     [
      -122.432519,
      37.76961
     ],
     [
      -122.434031,
      37.769657
     ]
    ]
   }
  },
  {
   "type": "Feature",
   "properties": {
    "name": "Duboce Avenue",
    "highway": "residential",
    "bicycle": "designated"
   },
   "geometry": {
    "type": "LineString",
    "coordinates": [
     [
      -122.434031,
      37.769657
     ],
     [
      -122.436063,
      37.769721
     ]
    ]
   }
  },
  {
   "type": "Feature",
   "properties": {
    "name": "Duboce Avenue",
    "highway": "residential",
    "bicycle": "designated"
   },
   "geometry": {
    "type": "LineString",
    "coordinates": [
     [
      -122.436063,
      37.769721
     ],
     [
      -122.436996,
      37.76975
     ]
    ]
   }
  },
  {
   "type": "Feature",
   "properties": {
    "name": "Waller Street",
    "highway": "residential",
    "bicycle": "yes"
   },
   "geometry": {
    "type": "LineString",
    "coordinates": [
     [
      -122.453018,
      37.768206
     ],
     [
      -122.45142,
      37.768385
     ]
    ]
   }
  },
  {
   "type": "Feature",
   "properties": {
    "name": "Waller Street",
    "highway": "residential",
    "bicycle": "yes"
   },
   "geometry": {
    "type": "LineString",
    "coordinates": [
     [
      -122.45142,
      37.768385
     ],
     [
      -122.449822,
      37.768563
     ]
    ]
   }
  },
  {
   "type": "Feature",
   "properties": {
    "name": "Waller Street",
    "highway": "residential",
    "bicycle": "yes"
   },
   "geometry": {
    "type": "LineString",
    "coordinates": [
     [
      -122.449822,
      37.768563
     ],
     [
      -122.448224,
      37.768741
     ]
    ]
   }
  },
  {
   "type": "Feature",
   "properties": {
    "name": "Waller Street",
    "highway": "residential",
    "bicycle": "yes"
   },
   "geometry": {
    "type": "LineString",
    "coordinates": [
     [
      -122.448224,
      37.768741
     ],
     [
      -122.446626,
      37.768919
     ]
    ]
   }
  },
  {
   "type": "Feature",
   "properties": {
    "name": "Waller Street",
    "highway": "residential",
    "bicycle": "yes"
   },
   "geometry": {
    "type": "LineString",
    "coordinates": [
     [
      -122.446626,
      37.768919
     ],
     [
      -122.445028,
      37.769097
     ]
    ]
   }
  },
  {
   "type": "Feature",
   "properties": {
    "name": "Waller Street",
    "highway": "residential",
    "bicycle": "yes"
   },
   "geometry": {
    "type": "LineString",
    "coordinates": [
     [
      -122.445028,
      37.769097
     ],
     [
      -122.44343,
      37.769275
     ]
    ]
   }
  },
  {
   "type": "Feature",
   "properties": {
    "name": "Waller Street",
    "highway": "residential",
    "bicycle": "yes"
   },
   "geometry": {
    "type": "LineString",
    "coordinates": [
     [
      -122.44343,
      37.769275
     ],
     [
      -122.441832,
      37.769453
     ]
    ]
   }
  },
  {
   "type": "Feature",
   "properties": {
    "name": "Waller Street",
    "highway": "residential",
    "bicycle": "yes"
   },
   "geometry": {
    "type": "LineString",
    "coordinates": [
     [
      -122.441832,
      37.769453
     ],
     [
      -122.440234,
      37.769631
     ]
    ]
   }
  },
  {
   "type": "Feature",
   "properties": {
    "name": "Waller Street",
    "highway": "residential",
    "bicycle": "yes"
   },
   "geometry": {
    "type": "LineString",
    "coordinates": [
     [
      -122.440234,
      37.769631
     ],
     [
      -122.438636,
      37.769809
     ]
    ]
   }
  },
  {
   "type": "Feature",
   "properties": {
    "name": "Waller Street",
    "highway": "residential",
    "bicycle": "yes"
   },
   "geometry": {
    "type": "LineString",
    "coordinates": [
     [
      -122.438636,
      37.769809
     ],
     [
      -122.437038,
      37.769987
     ]
    ]
   }
  },
  {
   "type": "Feature",
   "properties": {
    "name": "Waller Street",
    "highway": "residential",
    "bicycle": "yes"
   },
   "geometry": {
    "type": "LineString",
    "coordinates": [
     [
      -122.437038,
      37.769987
     ],
     [
      -122.435441,
      37.770165
     ]
    ]
   }
  },
  {
   "type": "Feature",
   "properties": {
    "name": "Waller Street",
    "highway": "residential",
    "bicycle": "yes"
   },
   "geometry": {
    "type": "LineString",
    "coordinates": [
     [
      -122.435441,
      37.770165
     ],
     [
      -122.433843,
      37.770343
     ]
    ]
   }
  },
  {
   "type": "Feature",
   "properties": {
    "name": "Waller Street",
    "highway": "residential",
    "bicycle": "yes"
   },
   "geometry": {
    "type": "LineString",
    "coordinates": [
     [
      -122.433843,
      37.770343
     ],
     [
      -122.432672,
      37.770473
     ]
    ]
   }
  },
  {
   "type": "Feature",
   "properties": {
    "name": "Haight Street",
    "highway": "secondary",
    "bicycle": "yes"
   },
   "geometry": {
    "type": "LineString",
    "coordinates": [
     [
      -122.453192,
      37.769188
     ],
     [
      -122.451594,
      37.769366
     ]
    ]
   }
  },
  {
   "type": "Feature",
   "properties": {
    "name": "Haight Street",
    "highway": "secondary",
    "bicycle": "yes"
   },
   "geometry": {
    "type": "LineString",
    "coordinates": [
     [
      -122.451594,
      37.769366
     ],
     [
      -122.449996,
      37.769544
     ]
    ]
   }
  },
  {
   "type": "Feature",
   "properties": {
    "name": "Haight Street",
    "highway": "secondary",
    "bicycle": "yes"
   },
   "geometry": {
    "type": "LineString",
    "coordinates": [
     [
      -122.449996,
      37.769544
     ],
     [
      -122.448398,
      37.769722
     ]
    ]
   }
  },
  {
   "type": "Feature",
   "properties": {
    "name": "Haight Street",
    "highway": "secondary",
    "bicycle": "yes"
   },
   "geometry": {
    "type": "LineString",
    "coordinates": [
     [
      -122.448398,
      37.769722
     ],
     [
      -122.4468,
      37.7699
     ]
    ]
   }
  },
  {
   "type": "Feature",
   "properties": {
    "name": "Haight Street",
    "highway": "secondary",
    "bicycle": "yes"
   },
   "geometry": {
    "type": "LineString",
    "coordinates": [
     [
      -122.4468,
      37.7699
     ],
     [
      -122.445202,
      37.770078
     ]
    ]
   }
  },
  {
   "type": "Feature",
   "properties": {
    "name": "Haight Street",
    "highway": "secondary",
    "bicycle": "yes"
   },
   "geometry": {
    "type": "LineString",
    "coordinates": [
     [
      -122.445202,
      37.770078
     ],
     [
      -122.443604,
      37.770256
     ]
    ]
   }
  },
  {
   "type": "Feature",
   "properties": {
    "name": "Haight Street",
    "highway": "secondary",
    "bicycle": "yes"
   },
   "geometry": {
    "type": "LineString",
    "coordinates": [
     [
      -122.443604,
      37.770256
     ],
     [
      -122.442006,
      37.770434
     ]
    ]
   }
  },
  {
   "type": "Feature",
   "properties": {
    "name": "Haight Street",
    "highway": "secondary",
    "bicycle": "yes"
   },
   "geometry": {
    "type": "LineString",
    "coordinates": [
     [
      -122.442006,
      37.770434
     ],
     [
      -122.440408,
      37.770612
     ]
    ]
   }
  },
  {
   "type": "Feature",
   "properties": {
    "name": "Haight Street",
    "highway": "secondary",
    "bicycle": "yes"
   },
   "geometry": {
    "type": "LineString",
    "coordinates": [
     [
      -122.440408,
      37.770612
     ],
     [
      -122.43881,
      37.77079
     ]
    ]
   }
  },
  {
   "type": "Feature",
   "properties": {
    "name": "Haight Street",
    "highway": "secondary",
    "bicycle": "yes"
   },
   "geometry": {
    "type": "LineString",
    "coordinates": [
     [
      -122.43881,
      37.77079
     ],
     [
      -122.437212,
      37.770968
     ]
    ]
   }
  },
  {
   "type": "Feature",
   "properties": {
    "name": "Haight Street",
    "highway": "secondary",
    "bicycle": "yes"
   },
   "geometry": {
    "type": "LineString",
    "coordinates": [
     [
      -122.437212,
      37.770968
     ],
     [
      -122.435614,
      37.771146
     ]
    ]
   }
  },
  {
   "type": "Feature",
   "properties": {
    "name": "Haight Street",
    "highway": "secondary",
    "bicycle": "yes"
   },
   "geometry": {
    "type": "LineString",
    "coordinates": [
     [
      -122.435614,
      37.771146
     ],
     [
      -122.434017,
      37.771324
     ]
    ]
   }
  },
  {
   "type": "Feature",
   "properties": {
    "name": "Haight Street",
    "highway": "secondary",
    "bicycle": "yes"
   },
   "geometry": {
    "type": "LineString",
    "coordinates": [
     [
      -122.434017,
      37.771324
     ],
     [
      -122.432846,
      37.771455
     ]
    ]
   }
  },
  {
   "type": "Feature",
   "properties": {
    "name": "Haight Street",
    "highway": "secondary",
    "bicycle": "yes"
   },
   "geometry": {
    "type": "LineString",
    "coordinates": [
     [
      -122.432846,
      37.771455
     ],
     [
      -122.430764,
      37.771687
     ]
    ]
   }
  },
  {
   "type": "Feature",
   "properties": {
    "name": "Haight Street",
    "highway": "secondary",
    "bicycle": "yes"
   },
   "geometry": {
    "type": "LineString",
    "coordinates": [
     [
      -122.430764,
      37.771687
     ],
     [
      -122.429257,
      37.771855
     ]
    ]
   }
  },
  {
   "type": "Feature",
   "properties": {
    "name": "Haight Street",
    "highway": "secondary",
    "bicycle": "yes"
   },
   "geometry": {
    "type": "LineString",
    "coordinates": [
     [
      -122.429257,
      37.771855
     ],
     [
      -122.427659,
      37.772033
     ]
    ]
   }
  },
  {
   "type": "Feature",
   "properties": {
    "name": "Haight Street",
    "highway": "secondary",
    "bicycle": "yes"
   },
   "geometry": {
    "type": "LineString",
    "coordinates": [
     [
      -122.427659,
      37.772033
     ],
     [
      -122.426061,
      37.772211
     ]
    ]
   }
  },
  {
   "type": "Feature",
   "properties": {
    "name": "Haight Street",
    "highway": "secondary",
    "bicycle": "yes"
   },
   "geometry": {
    "type": "LineString",
    "coordinates": [
     [
      -122.426061,
      37.772211
     ],
     [
      -122.424463,
      37.772389
     ]
    ]
   }
  },
  {
   "type": "Feature",
   "properties": {
    "name": "Haight Street",
    "highway": "secondary",
    "bicycle": "yes"
   },
   "geometry": {
    "type": "LineString",
    "coordinates": [
     [
      -122.424463,
      37.772389
     ],
     [
      -122.422865,
      37.772567
     ]
    ]
   }
  },
  {
   "type": "Feature",
   "properties": {
    "name": "Page Street",
    "highway": "residential",
    "bicycle": "designated"
   },
   "geometry": {
    "type": "LineString",
    "coordinates": [
     [
      -122.453374,
      37.770214
     ],
     [
      -122.451776,
      37.770392
     ]
    ]
   }
  },
  {
   "type": "Feature",
   "properties": {
    "name": "Page Street",
    "highway": "residential",
    "bicycle": "designated"
   },
   "geometry": {
    "type": "LineString",
    "coordinates": [
     [
      -122.451776,
      37.770392
     ],
     [
      -122.450178,
      37.77057
     ]
    ]
   }
  },
  {
   "type": "Feature",
   "properties": {
    "name": "Page Street",
    "highway": "residential",
    "bicycle": "designated"
   },
   "geometry": {
    "type": "LineString",
    "coordinates": [
     [
      -122.450178,
      37.77057
     ],
     [
      -122.44858,
      37.770748
     ]
    ]
   }
  },
  {
   "type": "Feature",
   "properties": {
    "name": "Page Street",
    "highway": "residential",
    "bicycle": "designated"
   },
   "geometry": {
    "type": "LineString",
    "coordinates": [
     [
      -122.44858,
      37.770748
     ],
     [
      -122.446982,
      37.770926
     ]
    ]
   }
  },
  {
   "type": "Feature",
   "properties": {
    "name": "Page Street",
    "highway": "residential",
    "bicycle": "designated"
   },
   "geometry": {
    "type": "LineString",
    "coordinates": [
     [
      -122.446982,
      37.770926
     ],
     [
      -122.445384,
      37.771104
     ]
    ]
   }
  },
  {
   "type": "Feature",
   "properties": {
    "name": "Page Street",
    "highway": "residential",
    "bicycle": "designated"
   },
   "geometry": {
    "type": "LineString",
    "coordinates": [
     [
      -122.445384,
      37.771104
     ],
     [
      -122.443786,
      37.771282
     ]
    ]
   }
  },
  {
   "type": "Feature",
   "properties": {
    "name": "Page Street",
    "highway": "residential",
    "bicycle": "designated"
   },
   "geometry": {
    "type": "LineString",
    "coordinates": [
     [
      -122.443786,
      37.771282
     ],
     [
      -122.442188,
      37.77146
     ]
    ]
   }
  },
  {
   "type": "Feature",
   "properties": {
    "name": "Page Street",
    "highway": "residential",
    "bicycle": "designated"
   },
   "geometry": {
    "type": "LineString",
    "coordinates": [
     [
      -122.442188,
      37.77146
     ],
     [
      -122.44059,
      37.771638
     ]
    ]
   }
  },
  {
   "type": "Feature",
   "properties": {
    "name": "Page Street",
    "highway": "residential",
    "bicycle": "designated"
   },
   "geometry": {
    "type": "LineString",
    "coordinates": [
     [
      -122.44059,
      37.771638
     ],
     [
      -122.438992,
      37.771816
     ]
    ]
   }
  },
  {
   "type": "Feature",
   "properties": {
    "name": "Page Street",
    "highway": "residential",
    "bicycle": "designated"
   },
   "geometry": {
    "type": "LineString",
    "coordinates": [
     [
      -122.438992,
      37.771816
     ],
     [
      -122.437394,
      37.771994
     ]
    ]
   }
  },
  {
   "type": "Feature",
   "properties": {
    "name": "Page Street",
    "highway": "residential",
    "bicycle": "designated"
   },
   "geometry": {
    "type": "LineString",
    "coordinates": [
     [
      -122.437394,
      37.771994
     ],
     [
      -122.435796,
      37.772172
     ]
    ]
   }
  },
  {
   "type": "Feature",
   "properties": {
    "name": "Page Street",
    "highway": "residential",
    "bicycle": "designated"
   },
   "geometry": {
    "type": "LineString",
    "coordinates": [
     [
      -122.435796,
      37.772172
     ],
     [
      -122.434198,
      37.77235
     ]
    ]
   }
  },
  {
   "type": "Feature",
   "properties": {
    "name": "Page Street",
    "highway": "residential",
    "bicycle": "designated"
   },
   "geometry": {
    "type": "LineString",
    "coordinates": [
     [
      -122.434198,
      37.77235
     ],
     [
      -122.433028,
      37.772481
     ]
    ]
   }
  },
  {
   "type": "Feature",
   "properties": {
    "name": "Page Street",
    "highway": "residential",
    "bicycle": "designated"
   },
   "geometry": {
    "type": "LineString",
    "coordinates": [
     [
      -122.433028,
      37.772481
     ],
     [
      -122.430946,
      37.772713
     ]
    ]
   }
  },
  {
   "type": "Feature",
   "properties": {
    "name": "Page Street",
    "highway": "residential",
    "bicycle": "designated"
   },
   "geometry": {
    "type": "LineString",
    "coordinates": [
     [
      -122.430946,
      37.772713
     ],
     [
      -122.429438,
      37.772881
     ]
    ]
   }
  },
  {
   "type": "Feature",
   "properties": {
    "name": "Page Street",
    "highway": "residential",
    "bicycle": "designated"
   },
   "geometry": {
    "type": "LineString",
    "coordinates": [
     [
      -122.429438,
      37.772881
     ],
     [
      -122.42784,
      37.773059
     ]
    ]
   }
  },
  {
   "type": "Feature",
   "properties": {
    "name": "Page Street",
    "highway": "residential",
    "bicycle": "designated"
   },
   "geometry": {
    "type": "LineString",
    "coordinates": [
     [
      -122.42784,
      37.773059
     ],
     [
      -122.426243,
      37.773237
     ]
    ]
   }
  },
  {
   "type": "Feature",
   "properties": {
    "name": "Page Street",
    "highway": "residential",
    "bicycle": "designated"
   },
   "geometry": {
    "type": "LineString",
    "coordinates": [
     [
      -122.426243,
      37.773237
     ],
     [
      -122.424645,
      37.773415
     ]
    ]
   }
  },
  {
   "type": "Feature",
   "properties": {
    "name": "Page Street",
    "highway": "residential",
    "bicycle": "designated"
   },
   "geometry": {
    "type": "LineString",
    "coordinates": [
     [
      -122.424645,
      37.773415
     ],
     [
      -122.423047,
      37.773593
     ]
    ]
   }
  },
  {
   "type": "Feature",
   "properties": {
    "name": "Oak Street",
    "highway": "primary",
    "oneway": "yes",
    "bicycle": "yes"
   },
   "geometry": {
    "type": "LineString",
    "coordinates": [
     [
      -122.453555,
      37.77124
     ],
     [
      -122.451958,
      37.771418
     ]
    ]
   }
  },
  {
   "type": "Feature",
   "properties": {
    "name": "Oak Street",
    "highway": "primary",
    "oneway": "yes",
    "bicycle": "yes"
   },
   "geometry": {
    "type": "LineString",
    "coordinates": [
     [
      -122.451958,
      37.771418
     ],
     [
      -122.45036,
      37.771596
     ]
    ]
   }
  },
  {
   "type": "Feature",
   "properties": {
    "name": "Oak Street",
    "highway": "primary",
    "oneway": "yes",
    "bicycle": "yes"
   },
   "geometry": {
    "type": "LineString",
    "coordinates": [
     [
      -122.45036,
      37.771596
     ],
     [
      -122.448762,
      37.771774
     ]
    ]
   }
  },
  {
   "type": "Feature",
   "properties": {
    "name": "Oak Street",
    "highway": "primary",
    "oneway": "yes",
    "bicycle": "yes"
   },
   "geometry": {
    "type": "LineString",
    "coordinates": [
     [
      -122.448762,
      37.771774
     ],
     [
      -122.447164,
      37.771952
     ]
    ]
   }
  },
  {
   "type": "Feature",
   "properties": {
    "name": "Oak Street",
    "highway": "primary",
    "oneway": "yes",
    "bicycle": "yes"
   },
   "geometry": {
    "type": "LineString",
    "coordinates": [
     [
      -122.447164,
      37.771952
     ],
     [
      -122.445566,
      37.77213
     ]
    ]
   }
  },
  {
   "type": "Feature",
   "properties": {
    "name": "Oak Street",
    "highway": "primary",
    "oneway": "yes",
    "bicycle": "yes"
   },
   "geometry": {
    "type": "LineString",
    "coordinates": [
     [
      -122.445566,
      37.77213
     ],
     [
      -122.443968,
      37.772308
     ]
    ]
   }
  },
  {
   "type": "Feature",
   "properties": {
    "name": "Oak Street",
    "highway": "primary",
    "oneway": "yes",
    "bicycle": "yes"
   },
   "geometry": {
    "type": "LineString",
    "coordinates": [
     [
      -122.443968,
      37.772308
     ],
     [
      -122.44237,
      37.772486
     ]
    ]
   }
  },
  {
   "type": "Feature",
   "properties": {
    "name": "Oak Street",
    "highway": "primary",
    "oneway": "yes",
    "bicycle": "yes"
   },
   "geometry": {
    "type": "LineString",
    "coordinates": [
     [
      -122.44237,
      37.772486
     ],
     [
      -122.440772,
      37.772664
     ]
    ]
   }
  },
  {
   "type": "Feature",
   "properties": {
    "name": "Oak Street",
    "highway": "primary",
    "oneway": "yes",
    "bicycle": "yes"
   },
   "geometry": {
    "type": "LineString",
    "coordinates": [
     [
      -122.440772,
      37.772664
     ],
     [
      -122.439174,
      37.772842
     ]
    ]
   }
  },
  {
   "type": "Feature",
   "properties": {
    "name": "Oak Street",
    "highway": "primary",
    "oneway": "yes",
    "bicycle": "yes"
   },
   "geometry": {
    "type": "LineString",
    "coordinates": [
     [
      -122.439174,
      37.772842
     ],
     [
      -122.437576,
      37.77302
     ]
    ]
   }
  },
  {
   "type": "Feature",
   "properties": {
    "name": "Oak Street",
    "highway": "primary",
    "oneway": "yes",
    "bicycle": "yes"
   },
   "geometry": {
    "type": "LineString",
    "coordinates": [
     [
      -122.437576,
      37.77302
     ],
     [
      -122.435978,
      37.773198
     ]
    ]
   }
  },
  {
   "type": "Feature",
   "properties": {
    "name": "Oak Street",
    "highway": "primary",
    "oneway": "yes",
    "bicycle": "yes"
   },
   "geometry": {
    "type": "LineString",
    "coordinates": [
     [
      -122.435978,
      37.773198
     ],
     [
      -122.43438,
      37.773376
     ]
    ]
   }
  },
  {
   "type": "Feature",
   "properties": {
    "name": "Oak Street",
    "highway": "primary",
    "oneway": "yes",
    "bicycle": "yes"
   },
   "geometry": {
    "type": "LineString",
    "coordinates": [
     [
      -122.43438,
      37.773376
     ],
     [
      -122.43321,
      37.773507
     ]
    ]
   }
  },
  {
   "type": "Feature",
   "properties": {
    "name": "Oak Street",
    "highway": "primary",
    "oneway": "yes",
    "bicycle": "yes"
   },
   "geometry": {
    "type": "LineString",
    "coordinates": [
     [
      -122.43321,
      37.773507
     ],
     [
      -122.431128,
      37.773739
     ]
    ]
   }
  },
  {
   "type": "Feature",
   "properties": {
    "name": "Oak Street",
    "highway": "primary",
    "oneway": "yes",
    "bicycle": "yes"
   },
   "geometry": {
    "type": "LineString",
    "coordinates": [
     [
      -122.431128,
      37.773739
     ],
     [
      -122.42962,
      37.773907
     ]
    ]
   }
  },
  {
   "type": "Feature",
   "properties": {
    "name": "Oak Street",
    "highway": "primary",
    "oneway": "yes",
    "bicycle": "yes"
   },
   "geometry": {
    "type": "LineString",
    "coordinates": [
     [
      -122.42962,
      37.773907
     ],
     [
      -122.428022,
      37.774085
     ]
    ]
   }
  },
  {
   "type": "Feature",
   "properties": {
    "name": "Oak Street",
    "highway": "primary",
    "oneway": "yes",
    "bicycle": "yes"
   },
   "geometry": {
    "type": "LineString",
    "coordinates": [
     [
      -122.428022,
      37.774085
     ],
     [
      -122.426424,
      37.774263
     ]
    ]
   }
  },
  {
   "type": "Feature",
   "properties": {
    "name": "Oak Street",
    "highway": "primary",
    "oneway": "yes",
    "bicycle": "yes"
   },
   "geometry": {
    "type": "LineString",
    "coordinates": [
     [
      -122.426424,
      37.774263
     ],
     [
      -122.424826,
      37.774441
     ]
    ]
   }
  },
  {
   "type": "Feature",
   "properties": {
    "name": "Oak Street",
    "highway": "primary",
    "oneway": "yes",
    "bicycle": "yes"
   },
   "geometry": {
    "type": "LineString",
    "coordinates": [
     [
      -122.424826,
      37.774441
     ],
     [
      -122.423229,
      37.774619
     ]
    ]
   }
  },
  {
   "type": "Feature",
   "properties": {
    "name": "Oak Street",
    "highway": "primary",
    "oneway": "yes",
    "bicycle": "yes"
   },
   "geometry": {
    "type": "LineString",
    "coordinates": [
     [
      -122.423229,
      37.774619
     ],
     [
      -122.421631,
      37.774797
     ]
    ]
   }
  },
  {
   "type": "Feature",
   "properties": {
    "name": "Oak Street",
    "highway": "primary",
    "oneway": "yes",
    "bicycle": "yes"
   },
   "geometry": {
    "type": "LineString",
    "coordinates": [
     [
      -122.421631,
      37.774797
     ],
     [
      -122.420033,
      37.774975
     ]
    ]
   }
  },
  {
   "type": "Feature",
   "properties": {
    "name": "Oak Street",
    "highway": "primary",
    "oneway": "yes",
    "bicycle": "yes"
   },
   "geometry": {
    "type": "LineString",
    "coordinates": [
     [
      -122.420033,
      37.774975
     ],
     [
      -122.419059,
      37.775083
     ]
    ]
   }
  },
  {
   "type": "Feature",
   "properties": {
    "name": "Fell Street",
    "highway": "primary",
    "oneway": "yes",
    "bicycle": "yes"
   },
   "geometry": {
    "type": "LineString",
    "coordinates": [
     [
      -122.453737,
      37.772266
     ],
     [
      -122.445748,
      37.773156
     ]
    ]
   }
  },
  {
   "type": "Feature",
   "properties": {
    "name": "Fell Street",
    "highway": "primary",
    "oneway": "yes",
    "bicycle": "yes"
   },
   "geometry": {
    "type": "LineString",
    "coordinates": [
     [
      -122.445748,
      37.773156
     ],
     [
      -122.44415,
      37.773334
     ]
    ]
   }
  },
  {
   "type": "Feature",
   "properties": {
    "name": "Fell Street",
    "highway": "primary",
    "oneway": "yes",
    "bicycle": "yes"
   },
   "geometry": {
    "type": "LineString",
    "coordinates": [
     [
      -122.44415,
      37.773334
     ],
     [
      -122.442552,
      37.773512
     ]
    ]
   }
  },
  {
   "type": "Feature",
   "properties": {
    "name": "Fell Street",
    "highway": "primary",
    "oneway": "yes",
    "bicycle": "yes"
   },
   "geometry": {
    "type": "LineString",
    "coordinates": [
     [
      -122.442552,
      37.773512
     ],
     [
      -122.440954,
      37.77369
     ]
    ]
   }
  },
  {
   "type": "Feature",
   "properties": {
    "name": "Fell Street",
    "highway": "primary",
    "oneway": "yes",
    "bicycle": "yes"
   },
   "geometry": {
    "type": "LineString",
    "coordinates": [
     [
      -122.440954,
      37.77369
     ],
     [
      -122.439356,
      37.773868
     ]
    ]
   }
  },
  {
   "type": "Feature",
   "properties": {
    "name": "Fell Street",
    "highway": "primary",
    "oneway": "yes",
    "bicycle": "yes"
   },
   "geometry": {
    "type": "LineString",
    "coordinates": [
     [
      -122.439356,
      37.773868
     ],
     [
      -122.437758,
      37.774046
     ]
    ]
   }
  },
  {
   "type": "Feature",
   "properties": {
    "name": "Fell Street",
    "highway": "primary",
    "oneway": "yes",
    "bicycle": "yes"
   },
   "geometry": {
    "type": "LineString",
    "coordinates": [
     [
      -122.437758,
      37.774046
     ],
     [
      -122.43616,
      37.774224
     ]
    ]
   }
  },
  {
   "type": "Feature",
   "properties": {
    "name": "Fell Street",
    "highway": "primary",
    "oneway": "yes",
    "bicycle": "yes"
   },
   "geometry": {
    "type": "LineString",
    "coordinates": [
     [
      -122.43616,
      37.774224
     ],
     [
      -122.434562,
      37.774402
     ]
    ]
   }
  },
  {
   "type": "Feature",
   "properties": {
    "name": "Fell Street",
    "highway": "primary",
    "oneway": "yes",
    "bicycle": "yes"
   },
   "geometry": {
    "type": "LineString",
    "coordinates": [
     [
      -122.434562,
      37.774402
     ],
     [
      -122.433392,
      37.774533
     ]
    ]
   }
  },
  {
   "type": "Feature",
   "properties": {
    "name": "Fell Street",
    "highway": "primary",
    "oneway": "yes",
    "bicycle": "yes"
   },
   "geometry": {
    "type": "LineString",
    "coordinates": [
     [
      -122.433392,
      37.774533
     ],
     [
      -122.43131,
      37.774765
     ]
    ]
   }
  },
  {
   "type": "Feature",
   "properties": {
    "name": "Fell Street",
    "highway": "primary",
    "oneway": "yes",
    "bicycle": "yes"
   },
   "geometry": {
    "type": "LineString",
    "coordinates": [
     [
      -122.43131,
      37.774765
     ],
     [
      -122.429802,
      37.774933
     ]
    ]
   }
  },
  {
   "type": "Feature",
   "properties": {
    "name": "Fell Street",
    "highway": "primary",
    "oneway": "yes",
    "bicycle": "yes"
   },
   "geometry": {
    "type": "LineString",
    "coordinates": [
     [
      -122.429802,
      37.774933
     ],
     [
      -122.428204,
      37.775111
     ]
    ]
   }
  },
  {
   "type": "Feature",
   "properties": {
    "name": "Fell Street",
    "highway": "primary",
    "oneway": "yes",
    "bicycle": "yes"
   },
   "geometry": {
    "type": "LineString",
    "coordinates": [
     [
      -122.428204,
      37.775111
     ],
     [
      -122.426606,
      37.775289
     ]
    ]
   }
  },
  {
   "type": "Feature",
   "properties": {
    "name": "Fell Street",
    "highway": "primary",
    "oneway": "yes",
    "bicycle": "yes"
   },
   "geometry": {
    "type": "LineString",
    "coordinates": [
     [
      -122.426606,
      37.775289
     ],
     [
      -122.425008,
      37.775467
     ]
    ]
   }
  },
  {
   "type": "Feature",
   "properties": {
    "name": "Fell Street",
    "highway": "primary",
    "oneway": "yes",
    "bicycle": "yes"
   },
   "geometry": {
    "type": "LineString",
    "coordinates": [
     [
      -122.425008,
      37.775467
     ],
     [
      -122.42341,
      37.775645
     ]
    ]
   }
  },
  {
   "type": "Feature",
   "properties": {
    "name": "Fell Street",
    "highway": "primary",
    "oneway": "yes",
    "bicycle": "yes"
   },
   "geometry": {
    "type": "LineString",
    "coordinates": [
     [
      -122.42341,
      37.775645
     ],
     [
      -122.421812,
      37.775823
     ]
    ]
   }
  },
  {
   "type": "Feature",
   "properties": {
    "name": "Fell Street",
    "highway": "primary",
    "oneway": "yes",
    "bicycle": "yes"
   },
   "geometry": {
    "type": "LineString",
    "coordinates": [
     [
      -122.421812,
      37.775823
     ],
     [
      -122.420215,
      37.776001
     ]
    ]
   }
  },
  {
   "type": "Feature",
   "properties": {
    "name": "Fell Street",
    "highway": "primary",
    "oneway": "yes",
    "bicycle": "yes"
   },
   "geometry": {
    "type": "LineString",
    "coordinates": [
     [
      -122.420215,
      37.776001
     ],
     [
      -122.418617,
      37.776179
     ]
    ]
   }
  },
  {
   "type": "Feature",
   "properties": {
    "name": "Fell Street",
    "highway": "primary",
    "oneway": "yes",
    "bicycle": "yes"
   },
   "geometry": {
    "type": "LineString",
    "coordinates": [
     [
      -122.418617,
      37.776179
     ],
     [
      -122.417464,
      37.776307
     ]
    ]
   }
  },
  {
   "type": "Feature",
   "properties": {
    "name": "Fulton Street",
    "highway": "secondary",
    "bicycle": "yes"
   },
   "geometry": {
    "type": "LineString",
    "coordinates": [
     [
      -122.459098,
      37.773895
     ],
     [
      -122.454124,
      37.774449
     ]
    ]
   }
  },
  {
   "type": "Feature",
   "properties": {
    "name": "Fulton Street",
    "highway": "secondary",
    "bicycle": "yes"
   },
   "geometry": {
    "type": "LineString",
    "coordinates": [
     [
      -122.454124,
      37.774449
     ],
     [
      -122.446135,
      37.775339
     ]
    ]
   }
  },
  {
   "type": "Feature",
   "properties": {
    "name": "Fulton Street",
    "highway": "secondary",
    "bicycle": "yes"
   },
   "geometry": {
    "type": "LineString",
    "coordinates": [
     [
      -122.446135,
      37.775339
     ],
     [
      -122.442939,
      37.775695
     ]
    ]
   }
  },
  {
   "type": "Feature",
   "properties": {
    "name": "Fulton Street",
    "highway": "secondary",
    "bicycle": "yes"
   },
   "geometry": {
    "type": "LineString",
    "coordinates": [
     [
      -122.442939,
      37.775695
     ],
     [
      -122.441341,
      37.775873
     ]
    ]
   }
  },
  {
   "type": "Feature",
   "properties": {
    "name": "Fulton Street",
    "highway": "secondary",
    "bicycle": "yes"
   },
   "geometry": {
    "type": "LineString",
    "coordinates": [
     [
      -122.441341,
      37.775873
     ],
     [
      -122.439743,
      37.776051
     ]
    ]
   }
  },
  {
   "type": "Feature",
   "properties": {
    "name": "Fulton Street",
    "highway": "secondary",
    "bicycle": "yes"
   },
   "geometry": {
    "type": "LineString",
    "coordinates": [
     [
      -122.439743,
      37.776051
     ],
     [
      -122.438145,
      37.776229
     ]
    ]
   }
  },
  {
   "type": "Feature",
   "properties": {
    "name": "Fulton Street",
    "highway": "secondary",
    "bicycle": "yes"
   },
   "geometry": {
    "type": "LineString",
    "coordinates": [
     [
      -122.438145,
      37.776229
     ],
     [
      -122.436547,
      37.776407
     ]
    ]
   }
  },
  {
   "type": "Feature",
   "properties": {
    "name": "Fulton Street",
    "highway": "secondary",
    "bicycle": "yes"
   },
   "geometry": {
    "type": "LineString",
    "coordinates": [
     [
      -122.436547,
      37.776407
     ],
     [
      -122.434949,
      37.776585
     ]
    ]
   }
  },
  {
   "type": "Feature",
   "properties": {
    "name": "Fulton Street",
    "highway": "secondary",
    "bicycle": "yes"
   },
   "geometry": {
    "type": "LineString",
    "coordinates": [
     [
      -122.434949,
      37.776585
     ],
     [
      -122.433779,
      37.776716
     ]
    ]
   }
  },
  {
   "type": "Feature",
   "properties": {
    "name": "Fulton Street",
    "highway": "secondary",
    "bicycle": "yes"
   },
   "geometry": {
    "type": "LineString",
    "coordinates": [
     [
      -122.433779,
      37.776716
     ],
     [
      -122.431697,
      37.776948
     ]
    ]
   }
  },
  {
   "type": "Feature",
   "properties": {
    "name": "Fulton Street",
    "highway": "secondary",
    "bicycle": "yes"
   },
   "geometry": {
    "type": "LineString",
    "coordinates": [
     [
      -122.431697,
      37.776948
     ],
     [
      -122.430189,
      37.777116
     ]
    ]
   }
  },
  {
   "type": "Feature",
   "properties": {
    "name": "Fulton Street",
    "highway": "secondary",
    "bicycle": "yes"
   },
   "geometry": {
    "type": "LineString",
    "coordinates": [
     [
      -122.430189,
      37.777116
     ],
     [
      -122.428591,
      37.777294
     ]
    ]
   }
  },
  {
   "type": "Feature",
   "properties": {
    "name": "Fulton Street",
    "highway": "secondary",
    "bicycle": "yes"
   },
   "geometry": {
    "type": "LineString",
    "coordinates": [
     [
      -122.428591,
      37.777294
     ],
     [
      -122.426993,
      37.777472
     ]
    ]
   }
  },
  {
   "type": "Feature",
   "properties": {
    "name": "Fulton Street",
    "highway": "secondary",
    "bicycle": "yes"
   },
   "geometry": {
    "type": "LineString",
    "coordinates": [
     [
      -122.426993,
      37.777472
     ],
     [
      -122.425395,
      37.77765
     ]
    ]
   }
  },
  {
   "type": "Feature",
   "properties": {
    "name": "Fulton Street",
    "highway": "secondary",
    "bicycle": "yes"
   },
   "geometry": {
    "type": "LineString",
    "coordinates": [
     [
      -122.425395,
      37.77765
     ],
     [
      -122.423797,
      37.777828
     ]
    ]
   }
  },
  {
   "type": "Feature",
   "properties": {
    "name": "Fulton Street",
    "highway": "secondary",
    "bicycle": "yes"
   },
   "geometry": {
    "type": "LineString",
    "coordinates": [
     [
      -122.423797,
      37.777828
     ],
     [
      -122.422199,
      37.778006
     ]
    ]
   }
  },
  {
   "type": "Feature",
   "properties": {
    "name": "Fulton Street",
    "highway": "secondary",
    "bicycle": "yes"
   },
   "geometry": {
    "type": "LineString",
    "coordinates": [
     [
      -122.422199,
      37.778006
     ],
     [
      -122.420602,
      37.778184
     ]
    ]
   }
  },
  {
   "type": "Feature",
   "properties": {
    "name": "Stanyan Street",
    "highway": "secondary"
   },
   "geometry": {
    "type": "LineString",
    "coordinates": [
     [
      -122.452496,
      37.765262
     ],
     [
      -122.452621,
      37.765967
     ]
    ]
   }
  },
  {
   "type": "Feature",
   "properties": {
    "name": "Stanyan Street",
    "highway": "secondary"
   },
   "geometry": {
    "type": "LineString",
    "coordinates": [
     [
      -122.452621,
      37.765967
     ],
     [
      -122.453018,
      37.768206
     ]
    ]
   }
  },
  {
   "type": "Feature",
   "properties": {
    "name": "Stanyan Street",
    "highway": "secondary"
   },
   "geometry": {
    "type": "LineString",
    "coordinates": [
     [
      -122.453018,
      37.768206
     ],
     [
      -122.453192,
      37.769188
     ]
    ]
   }
  },
  {
   "type": "Feature",
   "properties": {
    "name": "Stanyan Street",
    "highway": "secondary"
   },
   "geometry": {
    "type": "LineString",
    "coordinates": [
     [
      -122.453192,
      37.769188
     ],
     [
      -122.453374,
      37.770214
     ]
    ]
   }
  },
  {
   "type": "Feature",
   "properties": {
    "name": "Stanyan Street",
    "highway": "secondary"
   },
   "geometry": {
    "type": "LineString",
    "coordinates": [
     [
      -122.453374,
      37.770214
     ],
     [
      -122.453555,
      37.77124
     ]
    ]
   }
  },
  {
   "type": "Feature",
   "properties": {
    "name": "Stanyan Street",
    "highway": "secondary"
   },
   "geometry": {
    "type": "LineString",
    "coordinates": [
     [
      -122.453555,
      37.77124
     ],
     [
      -122.453737,
      37.772266
     ]
    ]
   }
  },
  {
   "type": "Feature",
   "properties": {
    "name": "Stanyan Street",
    "highway": "secondary"
   },
   "geometry": {
    "type": "LineString",
    "coordinates": [
     [
      -122.453737,
      37.772266
     ],
     [
      -122.454062,
      37.774095
     ]
    ]
   }
  },
  {
   "type": "Feature",
   "properties": {
    "name": "Stanyan Street",
    "highway": "secondary"
   },
   "geometry": {
    "type": "LineString",
    "coordinates": [
     [
      -122.454062,
      37.774095
     ],
     [
      -122.454124,
      37.774449
     ]
    ]
   }
  },
  {
   "type": "Feature",
   "properties": {
    "name": "Stanyan Street",
    "highway": "secondary"
   },
   "geometry": {
    "type": "LineString",
    "coordinates": [
     [
      -122.454124,
      37.774449
     ],
     [
      -122.454172,
      37.774719
     ]
    ]
   }
  },
  {
   "type": "Feature",
   "properties": {
    "name": "Shrader Street",
    "highway": "residential"
   },
   "geometry": {
    "type": "LineString",
    "coordinates": [
     [
      -122.450771,
      37.764727
     ],
     [
      -122.451023,
      37.766145
     ]
    ]
   }
  },
  {
   "type": "Feature",
   "properties": {
    "name": "Shrader Street",
    "highway": "residential"
   },
   "geometry": {
    "type": "LineString",
    "coordinates": [
     [
      -122.451023,
      37.766145
     ],
     [
      -122.45142,
      37.768385
     ]
    ]
   }
  },
  {
   "type": "Feature",
   "properties": {
    "name": "Shrader Street",
    "highway": "residential"
   },
   "geometry": {
    "type": "LineString",
    "coordinates": [
     [
      -122.45142,
      37.768385
     ],
     [
      -122.451594,
      37.769366
     ]
    ]
   }
  },
  {
   "type": "Feature",
   "properties": {
    "name": "Shrader Street",
    "highway": "residential"
   },
   "geometry": {
    "type": "LineString",
    "coordinates": [
     [
      -122.451594,
      37.769366
     ],
     [
      -122.451776,
      37.770392
     ]
    ]
   }
  },
  {
   "type": "Feature",
   "properties": {
    "name": "Shrader Street",
    "highway": "residential"
   },
   "geometry": {
    "type": "LineString",
    "coordinates": [
     [
      -122.451776,
      37.770392
     ],
     [
      -122.451958,
      37.771418
     ]
    ]
   }
  },
  {
   "type": "Feature",
   "properties": {
    "name": "Cole Street",
    "highway": "residential"
   },
   "geometry": {
    "type": "LineString",
    "coordinates": [
     [
      -122.449173,
      37.764905
     ],
     [
      -122.449425,
      37.766323
     ]
    ]
   }
  },
  {
   "type": "Feature",
   "properties": {
    "name": "Cole Street",
    "highway": "residential"
   },
   "geometry": {
    "type": "LineString",
    "coordinates": [
     [
      -122.449425,
      37.766323
     ],
     [
      -122.449822,
      37.768563
     ]
    ]
   }
  },
  {
   "type": "Feature",
   "properties": {
    "name": "Cole Street",
    "highway": "residential"
   },
   "geometry": {
    "type": "LineString",
    "coordinates": [
     [
      -122.449822,
      37.768563
     ],
     [
      -122.449996,
      37.769544
     ]
    ]
   }
  },
  {
   "type": "Feature",
   "properties": {
    "name": "Cole Street",
    "highway": "residential"
   },
   "geometry": {
    "type": "LineString",
    "coordinates": [
     [
      -122.449996,
      37.769544
     ],
     [
      -122.450178,
      37.77057
     ]
    ]
   }
  },
  {
   "type": "Feature",
   "properties": {
    "name": "Cole Street",
    "highway": "residential"
   },
   "geometry": {
    "type": "LineString",
    "coordinates": [
     [
      -122.450178,
      37.77057
     ],
     [
      -122.45036,
      37.771596
     ]
    ]
   }
  },
  {
   "type": "Feature",
   "properties": {
    "name": "Clayton Street",
    "highway": "residential"
   },
   "geometry": {
    "type": "LineString",
    "coordinates": [
     [
      -122.447576,
      37.765083
     ],
     [
      -122.447827,
      37.766501
     ]
    ]
   }
  },
  {
   "type": "Feature",
   "properties": {
    "name": "Clayton Street",
    "highway": "residential"
   },
   "geometry": {
    "type": "LineString",
    "coordinates": [
     [
      -122.447827,
      37.766501
     ],
     [
      -122.448224,
      37.768741
     ]
    ]
   }
  },
  {
   "type": "Feature",
   "properties": {
    "name": "Clayton Street",
    "highway": "residential"
   },
   "geometry": {
    "type": "LineString",
    "coordinates": [
     [
      -122.448224,
      37.768741
     ],
     [
      -122.448398,
      37.769722
     ]
    ]
   }
  },
  {
   "type": "Feature",
   "properties": {
    "name": "Clayton Street",
    "highway": "residential"
   },
   "geometry": {
    "type": "LineString",
    "coordinates": [
     [
      -122.448398,
      37.769722
     ],
     [
      -122.44858,
      37.770748
     ]
    ]
   }
  },
  {
   "type": "Feature",
   "properties": {
    "name": "Clayton Street",
    "highway": "residential"
   },
   "geometry": {
    "type": "LineString",
    "coordinates": [
     [
      -122.44858,
      37.770748
     ],
     [
      -122.448762,
      37.771774
     ]
    ]
   }
  },
  {
   "type": "Feature",
   "properties": {
    "name": "Ashbury Street",
    "highway": "residential"
   },
   "geometry": {
    "type": "LineString",
    "coordinates": [
     [
      -122.446229,
      37.766679
     ],
     [
      -122.446626,
      37.768919
     ]
    ]
   }
  },
  {
   "type": "Feature",
   "properties": {
    "name": "Ashbury Street",
    "highway": "residential"
   },
   "geometry": {
    "type": "LineString",
    "coordinates": [
     [
      -122.446626,
      37.768919
     ],
     [
      -122.4468,
      37.7699
     ]
    ]
   }
  },
  {
   "type": "Feature",
   "properties": {
    "name": "Ashbury Street",
    "highway": "residential"
   },
   "geometry": {
    "type": "LineString",
    "coordinates": [
     [
      -122.4468,
      37.7699
     ],
     [
      -122.446982,
      37.770926
     ]
    ]
   }
  },
  {
   "type": "Feature",
   "properties": {
    "name": "Ashbury Street",
    "highway": "residential"
   },
   "geometry": {
    "type": "LineString",
    "coordinates": [
     [
      -122.446982,
      37.770926
     ],
     [
      -122.447164,
      37.771952
     ]
    ]
   }
  },
  {
   "type": "Feature",
   "properties": {
    "name": "Masonic Avenue",
    "highway": "secondary"
   },
   "geometry": {
    "type": "LineString",
    "coordinates": [
     [
      -122.444631,
      37.766857
     ],
     [
      -122.445028,
      37.769097
     ]
    ]
   }
  },
  {
   "type": "Feature",
   "properties": {
    "name": "Masonic Avenue",
    "highway": "secondary"
   },
   "geometry": {
    "type": "LineString",
    "coordinates": [
     [
      -122.445028,
      37.769097
     ],
     [
      -122.445202,
      37.770078
     ]
    ]
   }
  },
  {
   "type": "Feature",
   "properties": {
    "name": "Masonic Avenue",
    "highway": "secondary"
   },
   "geometry": {
    "type": "LineString",
    "coordinates": [
     [
      -122.445202,
      37.770078
     ],
     [
      -122.445384,
      37.771104
     ]
    ]
   }
  },
  {
   "type": "Feature",
   "properties": {
    "name": "Masonic Avenue",
    "highway": "secondary"
   },
   "geometry": {
    "type": "LineString",
    "coordinates": [
     [
      -122.445384,
      37.771104
     ],
     [
      -122.445566,
      37.77213
     ]
    ]
   }
  },
  {
   "type": "Feature",
   "properties": {
    "name": "Masonic Avenue",
    "highway": "secondary"
   },
   "geometry": {
    "type": "LineString",
    "coordinates": [
     [
      -122.445566,
      37.77213
     ],
     [
      -122.445656,
      37.772638
     ]
    ]
   }
  },
  {
   "type": "Feature",
   "properties": {
    "name": "Masonic Avenue",
    "highway": "secondary"
   },
   "geometry": {
    "type": "LineString",
    "coordinates": [
     [
      -122.445656,
      37.772638
     ],
     [
      -122.445748,
      37.773156
     ]
    ]
   }
  },
  {
   "type": "Feature",
   "properties": {
    "name": "Masonic Avenue",
    "highway": "secondary"
   },
   "geometry": {
    "type": "LineString",
    "coordinates": [
     [
      -122.445748,
      37.773156
     ],
     [
      -122.446135,
      37.775339
     ]
    ]
   }
  },
  {
   "type": "Feature",
   "properties": {
    "name": "Masonic Avenue",
    "highway": "secondary"
   },
   "geometry": {
    "type": "LineString",
    "coordinates": [
     [
      -122.446135,
      37.775339
     ],
     [
      -122.446671,
      37.778364
     ]
    ]
   }
  },
  {
   "type": "Feature",
   "properties": {
    "name": "Masonic Avenue",
    "highway": "secondary"
   },
   "geometry": {
    "type": "LineString",
    "coordinates": [
     [
      -122.446671,
      37.778364
     ],
     [
      -122.447386,
      37.782396
     ]
    ]
   }
  },
  {
   "type": "Feature",
   "properties": {
    "name": "Masonic Avenue",
    "highway": "secondary"
   },
   "geometry": {
    "type": "LineString",
    "coordinates": [
     [
      -122.447386,
      37.782396
     ],
     [
      -122.448279,
      37.787437
     ]
    ]
   }
  },
  {
   "type": "Feature",
   "properties": {
    "name": "Central Avenue",
    "highway": "residential"
   },
   "geometry": {
    "type": "LineString",
    "coordinates": [
     [
      -122.44343,
      37.769275
     ],
     [
      -122.443604,
      37.770256
     ]
    ]
   }
  },
  {
   "type": "Feature",
   "properties": {
    "name": "Central Avenue",
    "highway": "residential"
   },
   "geometry": {
    "type": "LineString",
    "coordinates": [
     [
      -122.443604,
      37.770256
     ],
     [
      -122.443786,
      37.771282
     ]
    ]
   }
  },
  {
   "type": "Feature",
   "properties": {
    "name": "Central Avenue",
    "highway": "residential"
   },
   "geometry": {
    "type": "LineString",
    "coordinates": [
     [
      -122.443786,
      37.771282
     ],
     [
      -122.443968,
      37.772308
     ]
    ]
   }
  },
  {
   "type": "Feature",
   "properties": {
    "name": "Central Avenue",
    "highway": "residential"
   },
   "geometry": {
    "type": "LineString",
    "coordinates": [
     [
      -122.443968,
      37.772308
     ],
     [
      -122.444058,
      37.772817
     ]
    ]
   }
  },
  {
   "type": "Feature",
   "properties": {
    "name": "Central Avenue",
    "highway": "residential"
   },
   "geometry": {
    "type": "LineString",
    "coordinates": [
     [
      -122.444058,
      37.772817
     ],
     [
      -122.44415,
      37.773334
     ]
    ]
   }
  },
  {
   "type": "Feature",
   "properties": {
    "name": "Lyon Street",
    "highway": "residential"
   },
   "geometry": {
    "type": "LineString",
    "coordinates": [
     [
      -122.441832,
      37.769453
     ],
     [
      -122.442006,
      37.770434
     ]
    ]
   }
  },
  {
   "type": "Feature",
   "properties": {
    "name": "Lyon Street",
    "highway": "residential"
   },
   "geometry": {
    "type": "LineString",
    "coordinates": [
     [
      -122.442006,
      37.770434
     ],
     [
      -122.442188,
      37.77146
     ]
    ]
   }
  },
  {
   "type": "Feature",
   "properties": {
    "name": "Lyon Street",
    "highway": "residential"
   },
   "geometry": {
    "type": "LineString",
    "coordinates": [
     [
      -122.442188,
      37.77146
     ],
     [
      -122.44237,
      37.772486
     ]
    ]
   }
  },
  {
   "type": "Feature",
   "properties": {
    "name": "Lyon Street",
    "highway": "residential"
   },
   "geometry": {
    "type": "LineString",
    "coordinates": [
     [
      -122.44237,
      37.772486
     ],
     [
      -122.44246,
      37.772995
     ]
    ]
   }
  },
  {
   "type": "Feature",
   "properties": {
    "name": "Lyon Street",
    "highway": "residential"
   },
   "geometry": {
    "type": "LineString",
    "coordinates": [
     [
      -122.44246,
      37.772995
     ],
     [
      -122.442552,
      37.773512
     ]
    ]
   }
  },
  {
   "type": "Feature",
   "properties": {
    "name": "Lyon Street",
    "highway": "residential"
   },
   "geometry": {
    "type": "LineString",
    "coordinates": [
     [
      -122.442552,
      37.773512
     ],
     [
      -122.442939,
      37.775695
     ]
    ]
   }
  },
  {
   "type": "Feature",
   "properties": {
    "name": "Baker Street",
    "highway": "residential"
   },
   "geometry": {
    "type": "LineString",
    "coordinates": [
     [
      -122.440234,
      37.769631
     ],
     [
      -122.440408,
      37.770612
     ]
    ]
   }
  },
  {
   "type": "Feature",
   "properties": {
    "name": "Baker Street",
    "highway": "residential"
   },
   "geometry": {
    "type": "LineString",
    "coordinates": [
     [
      -122.440408,
      37.770612
     ],
     [
      -122.44059,
      37.771638
     ]
    ]
   }
  },
  {
   "type": "Feature",
   "properties": {
    "name": "Baker Street",
    "highway": "residential"
   },
   "geometry": {
    "type": "LineString",
    "coordinates": [
     [
      -122.44059,
      37.771638
     ],
     [
      -122.440772,
      37.772664
     ]
    ]
   }
  },
  {
   "type": "Feature",
   "properties": {
    "name": "Baker Street",
    "highway": "residential"
   },
   "geometry": {
    "type": "LineString",
    "coordinates": [
     [
      -122.440772,
      37.772664
     ],
     [
      -122.440862,
      37.773173
     ]
    ]
   }
  },
  {
   "type": "Feature",
   "properties": {
    "name": "Baker Street",
    "highway": "residential"
   },
   "geometry": {
    "type": "LineString",
    "coordinates": [
     [
      -122.440862,
      37.773173
     ],
     [
      -122.440954,
      37.77369
     ]
    ]
   }
  },
  {
   "type": "Feature",
   "properties": {
    "name": "Baker Street",
    "highway": "residential"
   },
   "geometry": {
    "type": "LineString",
    "coordinates": [
     [
      -122.440954,
      37.77369
     ],
     [
      -122.441341,
      37.775873
     ]
    ]
   }
  },
  {
   "type": "Feature",
   "properties": {
    "name": "Scott Street",
    "highway": "residential"
   },
   "geometry": {
    "type": "LineString",
    "coordinates": [
     [
      -122.435441,
      37.770165
     ],
     [
      -122.435614,
      37.771146
     ]
    ]
   }
  },
  {
   "type": "Feature",
   "properties": {
    "name": "Scott Street",
    "highway": "residential"
   },
   "geometry": {
    "type": "LineString",
    "coordinates": [
     [
      -122.435614,
      37.771146
     ],
     [
      -122.435796,
      37.772172
     ]
    ]
   }
  },
  {
   "type": "Feature",
   "properties": {
    "name": "Scott Street",
    "highway": "residential"
   },
   "geometry": {
    "type": "LineString",
    "coordinates": [
     [
      -122.435796,
      37.772172
     ],
     [
      -122.435978,
      37.773198
     ]
    ]
   }
  },
  {
   "type": "Feature",
   "properties": {
    "name": "Scott Street",
    "highway": "residential"
   },
   "geometry": {
    "type": "LineString",
    "coordinates": [
     [
      -122.435978,
      37.773198
     ],
     [
      -122.43616,
      37.774224
     ]
    ]
   }
  },
  {
   "type": "Feature",
   "properties": {
    "name": "Scott Street",
    "highway": "residential"
   },
   "geometry": {
    "type": "LineString",
    "coordinates": [
     [
      -122.43616,
      37.774224
     ],
     [
      -122.436547,
      37.776407
     ]
    ]
   }
  },
  {
   "type": "Feature",
   "properties": {
    "name": "Pierce Street",
    "highway": "residential"
   },
   "geometry": {
    "type": "LineString",
    "coordinates": [
     [
      -122.433843,
      37.770343
     ],
     [
      -122.434017,
      37.771324
     ]
    ]
   }
  },
  {
   "type": "Feature",
   "properties": {
    "name": "Pierce Street",
    "highway": "residential"
   },
   "geometry": {
    "type": "LineString",
    "coordinates": [
     [
      -122.434017,
      37.771324
     ],
     [
      -122.434198,
      37.77235
     ]
    ]
   }
  },
  {
   "type": "Feature",
   "properties": {
    "name": "Pierce Street",
    "highway": "residential"
   },
   "geometry": {
    "type": "LineString",
    "coordinates": [
     [
      -122.434198,
      37.77235
     ],
     [
      -122.43438,
      37.773376
     ]
    ]
   }
  },
  {
   "type": "Feature",
   "properties": {
    "name": "Pierce Street",
    "highway": "residential"
   },
   "geometry": {
    "type": "LineString",
    "coordinates": [
     [
      -122.43438,
      37.773376
     ],
     [
      -122.434562,
      37.774402
     ]
    ]
   }
  },
  {
   "type": "Feature",
   "properties": {
    "name": "Pierce Street",
    "highway": "residential"
   },
   "geometry": {
    "type": "LineString",
    "coordinates": [
     [
      -122.434562,
      37.774402
     ],
     [
      -122.434949,
      37.776585
     ]
    ]
   }
  },
  {
   "type": "Feature",
   "properties": {
    "name": "Broderick Street",
    "highway": "residential"
   },
   "geometry": {
    "type": "LineString",
    "coordinates": [
     [
      -122.438636,
      37.769809
     ],
     [
      -122.43881,
      37.77079
     ]
    ]
   }
  },
  {
   "type": "Feature",
   "properties": {
    "name": "Broderick Street",
    "highway": "residential"
   },
   "geometry": {
    "type": "LineString",
    "coordinates": [
     [
      -122.43881,
      37.77079
     ],
     [
      -122.438992,
      37.771816
     ]
    ]
   }
  },
  {
   "type": "Feature",
   "properties": {
    "name": "Broderick Street",
    "highway": "residential"
   },
   "geometry": {
    "type": "LineString",
    "coordinates": [
     [
      -122.438992,
      37.771816
     ],
     [
      -122.439174,
      37.772842
     ]
    ]
   }
  },
  {
   "type": "Feature",
   "properties": {
    "name": "Broderick Street",
    "highway": "residential"
   },
   "geometry": {
    "type": "LineString",
    "coordinates": [
     [
      -122.439174,
      37.772842
     ],
     [
      -122.439356,
      37.773868
     ]
    ]
   }
  },
  {
   "type": "Feature",
   "properties": {
    "name": "Broderick Street",
    "highway": "residential"
   },
   "geometry": {
    "type": "LineString",
    "coordinates": [
     [
      -122.439356,
      37.773868
     ],
     [
      -122.439743,
      37.776051
     ]
    ]
   }
  },
  {
   "type": "Feature",
   "properties": {
    "name": "Steiner Street",
    "highway": "residential"
   },
   "geometry": {
    "type": "LineString",
    "coordinates": [
     [
      -122.432519,
      37.76961
     ],
     [
      -122.432672,
      37.770473
     ]
    ]
   }
  },
  {
   "type": "Feature",
   "properties": {
    "name": "Steiner Street",
    "highway": "residential"
   },
   "geometry": {
    "type": "LineString",
    "coordinates": [
     [
      -122.432672,
      37.770473
     ],
     [
      -122.432846,
      37.771455
     ]
    ]
   }
  },
  {
   "type": "Feature",
   "properties": {
    "name": "Steiner Street",
    "highway": "residential"
   },
   "geometry": {
    "type": "LineString",
    "coordinates": [
     [
      -122.432846,
      37.771455
     ],
     [
      -122.433028,
      37.772481
     ]
    ]
   }
  },
  {
   "type": "Feature",
   "properties": {
    "name": "Steiner Street",
    "highway": "residential"
   },
   "geometry": {
    "type": "LineString",
    "coordinates": [
     [
      -122.433028,
      37.772481
     ],
     [
      -122.43321,
      37.773507
     ]
    ]
   }
  },
  {
   "type": "Feature",
   "properties": {
    "name": "Steiner Street",
    "highway": "residential"
   },
   "geometry": {
    "type": "LineString",
    "coordinates": [
     [
      -122.43321,
      37.773507
     ],
     [
      -122.433392,
      37.774533
     ]
    ]
   }
  },
  {
   "type": "Feature",
   "properties": {
    "name": "Steiner Street",
    "highway": "residential"
   },
   "geometry": {
    "type": "LineString",
    "coordinates": [
     [
      -122.433392,
      37.774533
     ],
     [
      -122.433779,
      37.776716
     ]
    ]
   }
  },
  {
   "type": "Feature",
   "properties": {
    "name": "Divisadero Street",
    "highway": "secondary"
   },
   "geometry": {
    "type": "LineString",
    "coordinates": [
     [
      -122.436996,
      37.76975
     ],
     [
      -122.437038,
      37.769987
     ]
    ]
   }
  },
  {
   "type": "Feature",
   "properties": {
    "name": "Divisadero Street",
    "highway": "secondary"
   },
   "geometry": {
    "type": "LineString",
    "coordinates": [
     [
      -122.437038,
      37.769987
     ],
     [
      -122.437212,
      37.770968
     ]
    ]
   }
  },
  {
   "type": "Feature",
   "properties": {
    "name": "Divisadero Street",
    "highway": "secondary"
   },
   "geometry": {
    "type": "LineString",
    "coordinates": [
     [
      -122.437212,
      37.770968
     ],
     [
      -122.437394,
      37.771994
     ]
    ]
   }
  },
  {
   "type": "Feature",
   "properties": {
    "name": "Divisadero Street",
    "highway": "secondary"
   },
   "geometry": {
    "type": "LineString",
    "coordinates": [
     [
      -122.437394,
      37.771994
     ],
     [
      -122.437576,
      37.77302
     ]
    ]
   }
  },
  {
   "type": "Feature",
   "properties": {
    "name": "Divisadero Street",
    "highway": "secondary"
   },
   "geometry": {
    "type": "LineString",
    "coordinates": [
     [
      -122.437576,
      37.77302
     ],
     [
      -122.437758,
      37.774046
     ]
    ]
   }
  },
  {
   "type": "Feature",
   "properties": {
    "name": "Divisadero Street",
    "highway": "secondary"
   },
   "geometry": {
    "type": "LineString",
    "coordinates": [
     [
      -122.437758,
      37.774046
     ],
     [
      -122.438145,
      37.776229
     ]
    ]
   }
  },
  {
   "type": "Feature",
   "properties": {
    "name": "Divisadero Street",
    "highway": "secondary"
   },
   "geometry": {
    "type": "LineString",
    "coordinates": [
     [
      -122.438145,
      37.776229
     ],
     [
      -122.438681,
      37.779254
     ]
    ]
   }
  },
  {
   "type": "Feature",
   "properties": {
    "name": "Divisadero Street",
    "highway": "secondary"
   },
   "geometry": {
    "type": "LineString",
    "coordinates": [
     [
      -122.438681,
      37.779254
     ],
     [
      -122.439396,
      37.783286
     ]
    ]
   }
  },
  {
   "type": "Feature",
   "properties": {
    "name": "Divisadero Street",
    "highway": "secondary"
   },
   "geometry": {
    "type": "LineString",
    "coordinates": [
     [
      -122.439396,
      37.783286
     ],
     [
      -122.44029,
      37.788327
     ]
    ]
   }
  },
  {
   "type": "Feature",
   "properties": {
    "name": "Divisadero Street",
    "highway": "secondary"
   },
   "geometry": {
    "type": "LineString",
    "coordinates": [
     [
      -122.44029,
      37.788327
     ],
     [
      -122.441378,
      37.794465
     ]
    ]
   }
  },
  {
   "type": "Feature",
   "properties": {
    "name": "Divisadero Street",
    "highway": "secondary"
   },
   "geometry": {
    "type": "LineString",
    "coordinates": [
     [
      -122.441378,
      37.794465
     ],
     [
      -122.441525,
      37.795294
     ]
    ]
   }
  },
  {
   "type": "Feature",
   "properties": {
    "name": "Divisadero Street",
    "highway": "secondary"
   },
   "geometry": {
    "type": "LineString",
    "coordinates": [
     [
      -122.441525,
      37.795294
     ],
     [
      -122.44167,
      37.796115
     ]
    ]
   }
  },
  {
   "type": "Feature",
   "properties": {
    "name": "Fillmore Street",
    "highway": "secondary"
   },
   "geometry": {
    "type": "LineString",
    "coordinates": [
     [
      -122.430384,
      37.769543
     ],
     [
      -122.430764,
      37.771687
     ]
    ]
   }
  },
  {
   "type": "Feature",
   "properties": {
    "name": "Fillmore Street",
    "highway": "secondary"
   },
   "geometry": {
    "type": "LineString",
    "coordinates": [
     [
      -122.430764,
      37.771687
     ],
     [
      -122.430946,
      37.772713
     ]
    ]
   }
  },
  {
   "type": "Feature",
   "properties": {
    "name": "Fillmore Street",
    "highway": "secondary"
   },
   "geometry": {
    "type": "LineString",
    "coordinates": [
     [
      -122.430946,
      37.772713
     ],
     [
      -122.431128,
      37.773739
     ]
    ]
   }
  },
  {
   "type": "Feature",
   "properties": {
    "name": "Fillmore Street",
    "highway": "secondary"
   },
   "geometry": {
    "type": "LineString",
    "coordinates": [
     [
      -122.431128,
      37.773739
     ],
     [
      -122.43131,
      37.774765
     ]
    ]
   }
  },
  {
   "type": "Feature",
   "properties": {
    "name": "Fillmore Street",
    "highway": "secondary"
   },
   "geometry": {
    "type": "LineString",
    "coordinates": [
     [
      -122.43131,
      37.774765
     ],
     [
      -122.431697,
      37.776948
     ]
    ]
   }
  },
  {
   "type": "Feature",
   "properties": {
    "name": "Fillmore Street",
    "highway": "secondary"
   },
   "geometry": {
    "type": "LineString",
    "coordinates": [
     [
      -122.431697,
      37.776948
     ],
     [
      -122.432233,
      37.779972
     ]
    ]
   }
  },
  {
   "type": "Feature",
   "properties": {
    "name": "Fillmore Street",
    "highway": "secondary"
   },
   "geometry": {
    "type": "LineString",
    "coordinates": [
     [
      -122.432233,
      37.779972
     ],
     [
      -122.432948,
      37.784005
     ]
    ]
   }
  },
  {
   "type": "Feature",
   "properties": {
    "name": "Fillmore Street",
    "highway": "secondary"
   },
   "geometry": {
    "type": "LineString",
    "coordinates": [
     [
      -122.432948,
      37.784005
     ],
     [
      -122.433842,
      37.789045
     ]
    ]
   }
  },
  {
   "type": "Feature",
   "properties": {
    "name": "Fillmore Street",
    "highway": "secondary"
   },
   "geometry": {
    "type": "LineString",
    "coordinates": [
     [
      -122.433842,
      37.789045
     ],
     [
      -122.43493,
      37.795183
     ]
    ]
   }
  },
  {
   "type": "Feature",
   "properties": {
    "name": "Fillmore Street",
    "highway": "secondary"
   },
   "geometry": {
    "type": "LineString",
    "coordinates": [
     [
      -122.43493,
      37.795183
     ],
     [
      -122.435077,
      37.796013
     ]
    ]
   }
  },
  {
   "type": "Feature",
   "properties": {
    "name": "Fillmore Street",
    "highway": "secondary"
   },
   "geometry": {
    "type": "LineString",
    "coordinates": [
     [
      -122.435077,
      37.796013
     ],
     [
      -122.435222,
      37.796833
     ]
    ]
   }
  },
  {
   "type": "Feature",
   "properties": {
    "name": "Fillmore Street",
    "highway": "secondary"
   },
   "geometry": {
    "type": "LineString",
    "coordinates": [
     [
      -122.435222,
      37.796833
     ],
     [
      -122.435513,
      37.798475
     ]
    ]
   }
  },
  {
   "type": "Feature",
   "properties": {
    "name": "Fillmore Street",
    "highway": "secondary"
   },
   "geometry": {
    "type": "LineString",
    "coordinates": [
     [
      -122.435513,
      37.798475
     ],
     [
      -122.435804,
      37.800117
     ]
    ]
   }
  },
  {
   "type": "Feature",
   "properties": {
    "name": "Webster Street",
    "highway": "residential"
   },
   "geometry": {
    "type": "LineString",
    "coordinates": [
     [
      -122.429257,
      37.771855
     ],
     [
      -122.429438,
      37.772881
     ]
    ]
   }
  },
  {
   "type": "Feature",
   "properties": {
    "name": "Webster Street",
    "highway": "residential"
   },
   "geometry": {
    "type": "LineString",
    "coordinates": [
     [
      -122.429438,
      37.772881
     ],
     [
      -122.42962,
      37.773907
     ]
    ]
   }
  },
  {
   "type": "Feature",
   "properties": {
    "name": "Webster Street",
    "highway": "residential"
   },
   "geometry": {
    "type": "LineString",
    "coordinates": [
     [
      -122.42962,
      37.773907
     ],
     [
      -122.429802,
      37.774933
     ]
    ]
   }
  },
  {
   "type": "Feature",
   "properties": {
    "name": "Webster Street",
    "highway": "residential"
   },
   "geometry": {
    "type": "LineString",
    "coordinates": [
     [
      -122.429802,
      37.774933
     ],
     [
      -122.430189,
      37.777116
     ]
    ]
   }
  },
  {
   "type": "Feature",
   "properties": {
    "name": "Webster Street",
    "highway": "residential"
   },
   "geometry": {
    "type": "LineString",
    "coordinates": [
     [
      -122.430189,
      37.777116
     ],
     [
      -122.430725,
      37.78014
     ]
    ]
   }
  },
  {
   "type": "Feature",
   "properties": {
    "name": "Webster Street",
    "highway": "residential"
   },
   "geometry": {
    "type": "LineString",
    "coordinates": [
     [
      -122.430725,
      37.78014
     ],
     [
      -122.43144,
      37.784173
     ]
    ]
   }
  },
  {
   "type": "Feature",
   "properties": {
    "name": "Webster Street",
    "highway": "residential"
   },
   "geometry": {
    "type": "LineString",
    "coordinates": [
     [
      -122.43144,
      37.784173
     ],
     [
      -122.432334,
      37.789213
     ]
    ]
   }
  },
  {
   "type": "Feature",
   "properties": {
    "name": "Webster Street",
    "highway": "residential"
   },
   "geometry": {
    "type": "LineString",
    "coordinates": [
     [
      -122.432334,
      37.789213
     ],
     [
      -122.433422,
      37.795351
     ]
    ]
   }
  },
  {
   "type": "Feature",
   "properties": {
    "name": "Webster Street",
    "highway": "residential"
   },
   "geometry": {
    "type": "LineString",
    "coordinates": [
     [
      -122.433422,
      37.795351
     ],
     [
      -122.433714,
      37.797001
     ]
    ]
   }
  },
  {
   "type": "Feature",
   "properties": {
    "name": "Buchanan Street",
    "highway": "residential"
   },
   "geometry": {
    "type": "LineString",
    "coordinates": [
     [
      -122.427105,
      37.76891
     ],
     [
      -122.427659,
      37.772033
     ]
    ]
   }
  },
  {
   "type": "Feature",
   "properties": {
    "name": "Buchanan Street",
    "highway": "residential"
   },
   "geometry": {
    "type": "LineString",
    "coordinates": [
     [
      -122.427659,
      37.772033
     ],
     [
      -122.42784,
      37.773059
     ]
    ]
   }
  },
  {
   "type": "Feature",
   "properties": {
    "name": "Buchanan Street",
    "highway": "residential"
   },
   "geometry": {
    "type": "LineString",
    "coordinates": [
     [
      -122.42784,
      37.773059
     ],
     [
      -122.428022,
      37.774085
     ]
    ]
   }
  },
  {
   "type": "Feature",
   "properties": {
    "name": "Buchanan Street",
    "highway": "residential"
   },
   "geometry": {
    "type": "LineString",
    "coordinates": [
     [
      -122.428022,
      37.774085
     ],
     [
      -122.428204,
      37.775111
     ]
    ]
   }
  },
  {
   "type": "Feature",
   "properties": {
    "name": "Buchanan Street",
    "highway": "residential"
   },
   "geometry": {
    "type": "LineString",
    "coordinates": [
     [
      -122.428204,
      37.775111
     ],
     [
      -122.428591,
      37.777294
     ]
    ]
   }
  },
  {
   "type": "Feature",
   "properties": {
    "name": "Laguna Street",
    "highway": "residential"
   },
   "geometry": {
    "type": "LineString",
    "coordinates": [
     [
      -122.425671,
      37.770011
     ],
     [
      -122.426061,
      37.772211
     ]
    ]
   }
  },
  {
   "type": "Feature",
   "properties": {
    "name": "Laguna Street",
    "highway": "residential"
   },
   "geometry": {
    "type": "LineString",
    "coordinates": [
     [
      -122.426061,
      37.772211
     ],
     [
      -122.426243,
      37.773237
     ]
    ]
   }
  },
  {
   "type": "Feature",
   "properties": {
    "name": "Laguna Street",
    "highway": "residential"
   },
   "geometry": {
    "type": "LineString",
    "coordinates": [
     [
      -122.426243,
      37.773237
     ],
     [
      -122.426424,
      37.774263
     ]
    ]
   }
  },
  {
   "type": "Feature",
   "properties": {
    "name": "Laguna Street",
    "highway": "residential"
   },
   "geometry": {
    "type": "LineString",
    "coordinates": [
     [
      -122.426424,
      37.774263
     ],
     [
      -122.426606,
      37.775289
     ]
    ]
   }
  },
  {
   "type": "Feature",
   "properties": {
    "name": "Laguna Street",
    "highway": "residential"
   },
   "geometry": {
    "type": "LineString",
    "coordinates": [
     [
      -122.426606,
      37.775289
     ],
     [
      -122.426993,
      37.777472
     ]
    ]
   }
  },
  {
   "type": "Feature",
   "properties": {
    "name": "Octavia Street",
    "highway": "residential"
   },
   "geometry": {
    "type": "LineString",
    "coordinates": [
     [
      -122.424236,
      37.771111
     ],
     [
      -122.424463,
      37.772389
     ]
    ]
   }
  },
  {
   "type": "Feature",
   "properties": {
    "name": "Octavia Street",
    "highway": "residential"
   },
   "geometry": {
    "type": "LineString",
    "coordinates": [
     [
      -122.424463,
      37.772389
     ],
     [
      -122.424645,
      37.773415
     ]
    ]
   }
  },
  {
   "type": "Feature",
   "properties": {
    "name": "Octavia Street",
    "highway": "residential"
   },
   "geometry": {
    "type": "LineString",
    "coordinates": [
     [
      -122.424645,
      37.773415
     ],
     [
      -122.424826,
      37.774441
     ]
    ]
   }
  },
  {
   "type": "Feature",
   "properties": {
    "name": "Octavia Street",
    "highway": "residential"
   },
   "geometry": {
    "type": "LineString",
    "coordinates": [
     [
      -122.424826,
      37.774441
     ],
     [
      -122.425008,
      37.775467
     ]
    ]
   }
  },
  {
   "type": "Feature",
   "properties": {
    "name": "Octavia Street",
    "highway": "residential"
   },
   "geometry": {
    "type": "LineString",
    "coordinates": [
     [
      -122.425008,
      37.775467
     ],
     [
      -122.425395,
      37.77765
     ]
    ]
   }
  },
  {
   "type": "Feature",
   "properties": {
    "name": "Gough Street",
    "highway": "residential"
   },
   "geometry": {
    "type": "LineString",
    "coordinates": [
     [
      -122.422802,
      37.772212
     ],
     [
      -122.422865,
      37.772567
     ]
    ]
   }
  },
  {
   "type": "Feature",
   "properties": {
    "name": "Gough Street",
    "highway": "residential"
   },
   "geometry": {
    "type": "LineString",
    "coordinates": [
     [
      -122.422865,
      37.772567
     ],
     [
      -122.423047,
      37.773593
     ]
    ]
   }
  },
  {
   "type": "Feature",
   "properties": {
    "name": "Gough Street",
    "highway": "residential"
   },
   "geometry": {
    "type": "LineString",
    "coordinates": [
     [
      -122.423047,
      37.773593
     ],
     [
      -122.423229,
      37.774619
     ]
    ]
   }
  },
  {
   "type": "Feature",
   "properties": {
    "name": "Gough Street",
    "highway": "residential"
   },
   "geometry": {
    "type": "LineString",
    "coordinates": [
     [
      -122.423229,
      37.774619
     ],
     [
      -122.42341,
      37.775645
     ]
    ]
   }
  },
  {
   "type": "Feature",
   "properties": {
    "name": "Gough Street",
    "highway": "residential"
   },
   "geometry": {
    "type": "LineString",
    "coordinates": [
     [
      -122.42341,
      37.775645
     ],
     [
      -122.423797,
      37.777828
     ]
    ]
   }
  },
  {
   "type": "Feature",
   "properties": {
    "name": "Gough Street",
    "highway": "residential"
   },
   "geometry": {
    "type": "LineString",
    "coordinates": [
     [
      -122.423797,
      37.777828
     ],
     [
      -122.424334,
      37.780852
     ]
    ]
   }
  },
  {
   "type": "Feature",
   "properties": {
    "name": "Gough Street",
    "highway": "residential"
   },
   "geometry": {
    "type": "LineString",
    "coordinates": [
     [
      -122.424334,
      37.780852
     ],
     [
      -122.425048,
      37.784885
     ]
    ]
   }
  },
  {
   "type": "Feature",
   "properties": {
    "name": "Gough Street",
    "highway": "residential"
   },
   "geometry": {
    "type": "LineString",
    "coordinates": [
     [
      -122.425048,
      37.784885
     ],
     [
      -122.425942,
      37.789925
     ]
    ]
   }
  },
  {
   "type": "Feature",
   "properties": {
    "name": "Gough Street",
    "highway": "residential"
   },
   "geometry": {
    "type": "LineString",
    "coordinates": [
     [
      -122.425942,
      37.789925
     ],
     [
      -122.42703,
      37.796063
     ]
    ]
   }
  },
  {
   "type": "Feature",
   "properties": {
    "name": "Gough Street",
    "highway": "residential"
   },
   "geometry": {
    "type": "LineString",
    "coordinates": [
     [
      -122.42703,
      37.796063
     ],
     [
      -122.427323,
      37.797714
     ]
    ]
   }
  },
  {
   "type": "Feature",
   "properties": {
    "name": "Franklin Street",
    "highway": "secondary",
    "oneway": "yes"
   },
   "geometry": {
    "type": "LineString",
    "coordinates": [
     [
      -122.421367,
      37.773312
     ],
     [
      -122.421631,
      37.774797
     ]
    ]
   }
  },
  {
   "type": "Feature",
   "properties": {
    "name": "Franklin Street",
    "highway": "secondary",
    "oneway": "yes"
   },
   "geometry": {
    "type": "LineString",
    "coordinates": [
     [
      -122.421631,
      37.774797
     ],
     [
      -122.421812,
      37.775823
     ]
    ]
   }
  },
  {
   "type": "Feature",
   "properties": {
    "name": "Franklin Street",
    "highway": "secondary",
    "oneway": "yes"
   },
   "geometry": {
    "type": "LineString",
    "coordinates": [
     [
      -122.421812,
      37.775823
     ],
     [
      -122.422199,
      37.778006
     ]
    ]
   }
  },
  {
   "type": "Feature",
   "properties": {
    "name": "Arguello Boulevard",
    "highway": "secondary"
   },
   "geometry": {
    "type": "LineString",
    "coordinates": [
     [
      -122.459098,
      37.773895
     ],
     [
      -122.460349,
      37.780952
     ]
    ]
   }
  },
  {
   "type": "Feature",
   "properties": {
    "name": "Arguello Boulevard",
    "highway": "secondary"
   },
   "geometry": {
    "type": "LineString",
    "coordinates": [
     [
      -122.460349,
      37.780952
     ],
     [
      -122.461243,
      37.785992
     ]
    ]
   }
  },
  {
   "type": "Feature",
   "properties": {
    "name": "Presidio Avenue",
    "highway": "secondary"
   },
   "geometry": {
    "type": "LineString",
    "coordinates": [
     [
      -122.451572,
      37.78193
     ],
     [
      -122.452465,
      37.78697
     ]
    ]
   }
  },
  {
   "type": "Feature",
   "properties": {
    "name": "Turk Street",
    "highway": "secondary"
   },
   "geometry": {
    "type": "LineString",
    "coordinates": [
     [
      -122.446671,
      37.778364
     ],
     [
      -122.443475,
      37.77872
     ]
    ]
   }
  },
  {
   "type": "Feature",
   "properties": {
    "name": "Turk Street",
    "highway": "secondary"
   },
   "geometry": {
    "type": "LineString",
    "coordinates": [
     [
      -122.443475,
      37.77872
     ],
     [
      -122.441877,
      37.778898
     ]
    ]
   }
  },
  {
   "type": "Feature",
   "properties": {
    "name": "Turk Street",
    "highway": "secondary"
   },
   "geometry": {
    "type": "LineString",
    "coordinates": [
     [
      -122.441877,
      37.778898
     ],
     [
      -122.440279,
      37.779076
     ]
    ]
   }
  },
  {
   "type": "Feature",
   "properties": {
    "name": "Turk Street",
    "highway": "secondary"
   },
   "geometry": {
    "type": "LineString",
    "coordinates": [
     [
      -122.440279,
      37.779076
     ],
     [
      -122.438681,
      37.779254
     ]
    ]
   }
  },
  {
   "type": "Feature",
   "properties": {
    "name": "Turk Street",
    "highway": "secondary"
   },
   "geometry": {
    "type": "LineString",
    "coordinates": [
     [
      -122.438681,
      37.779254
     ],
     [
      -122.432233,
      37.779972
     ]
    ]
   }
  },
  {
   "type": "Feature",
   "properties": {
    "name": "Turk Street",
    "highway": "secondary"
   },
   "geometry": {
    "type": "LineString",
    "coordinates": [
     [
      -122.432233,
      37.779972
     ],
     [
      -122.430725,
      37.78014
     ]
    ]
   }
  },
  {
   "type": "Feature",
   "properties": {
    "name": "Turk Street",
    "highway": "secondary"
   },
   "geometry": {
    "type": "LineString",
    "coordinates": [
     [
      -122.430725,
      37.78014
     ],
     [
      -122.424334,
      37.780852
     ]
    ]
   }
  },
  {
   "type": "Feature",
   "properties": {
    "name": "Turk Street",
    "highway": "secondary"
   },
   "geometry": {
    "type": "LineString",
    "coordinates": [
     [
      -122.424334,
      37.780852
     ],
     [
      -122.421138,
      37.781208
     ]
    ]
   }
  },
  {
   "type": "Feature",
   "properties": {
    "name": "Turk Street",
    "highway": "secondary"
   },
   "geometry": {
    "type": "LineString",
    "coordinates": [
     [
      -122.421138,
      37.781208
     ],
     [
      -122.41954,
      37.781386
     ]
    ]
   }
  },
  {
   "type": "Feature",
   "properties": {
    "name": "Buena Vista Avenue East",
    "highway": "residential"
   },
   "geometry": {
    "type": "LineString",
    "coordinates": [
     [
      -122.440408,
      37.770612
     ],
     [
      -122.4403,
      37.7692
     ]
    ]
   }
  },
  {
   "type": "Feature",
   "properties": {
    "name": "Buena Vista Avenue East",
    "highway": "residential"
   },
   "geometry": {
    "type": "LineString",
    "coordinates": [
     [
      -122.4403,
      37.7692
     ],
     [
      -122.4398,
      37.7682
     ]
    ]
   }
  },
  {
   "type": "Feature",
   "properties": {
    "name": "Buena Vista Avenue East",
    "highway": "residential"
   },
   "geometry": {
    "type": "LineString",
    "coordinates": [
     [
      -122.4398,
      37.7682
     ],
     [
      -122.4396,
      37.7672
     ]
    ]
   }
  },
  {
   "type": "Feature",
   "properties": {
    "name": "Buena Vista Avenue East",
    "highway": "residential"
   },
   "geometry": {
    "type": "LineString",
    "coordinates": [
     [
      -122.4396,
      37.7672
     ],
     [
      -122.4403,
      37.7662
     ]
    ]
   }
  },
  {
   "type": "Feature",
   "properties": {
    "name": "Buena Vista Avenue West",
    "highway": "residential"
   },
   "geometry": {
    "type": "LineString",
    "coordinates": [
     [
      -122.443604,
      37.770256
     ],
     [
      -122.4432,
      37.769
     ]
    ]
   }
  },
  {
   "type": "Feature",
   "properties": {
    "name": "Buena Vista Avenue West",
    "highway": "residential"
   },
   "geometry": {
    "type": "LineString",
    "coordinates": [
     [
      -122.4432,
      37.769
     ],
     [
      -122.4426,
      37.7678
     ]
    ]
   }
  },
  {
   "type": "Feature",
   "properties": {
    "name": "Buena Vista Avenue West",
    "highway": "residential"
   },
   "geometry": {
    "type": "LineString",
    "coordinates": [
     [
      -122.4426,
      37.7678
     ],
     [
      -122.4416,
      37.7668
     ]
    ]
   }
  },
  {
   "type": "Feature",
   "properties": {
    "name": "Buena Vista Avenue West",
    "highway": "residential"
   },
   "geometry": {
    "type": "LineString",
    "coordinates": [
     [
      -122.4416,
      37.7668
     ],
     [
      -122.4403,
      37.7662
     ]
    ]
   }
  },
  {
   "type": "Feature",
   "properties": {
    "name": "Buena Vista Avenue",
    "highway": "residential"
   },
   "geometry": {
    "type": "LineString",
    "coordinates": [
     [
      -122.4403,
      37.7662
     ],
     [
      -122.439,
      37.7664
     ]
    ]
   }
  },
  {
   "type": "Feature",
   "properties": {
    "name": "Buena Vista Avenue",
    "highway": "residential"
   },
   "geometry": {
    "type": "LineString",
    "coordinates": [
     [
      -122.439,
      37.7664
     ],
     [
      -122.4375,
      37.7678
     ]
    ]
   }
  },
  {
   "type": "Feature",
   "properties": {
    "name": "Buena Vista Avenue",
    "highway": "residential"
   },
   "geometry": {
    "type": "LineString",
    "coordinates": [
     [
      -122.4375,
      37.7678
     ],
     [
      -122.436063,
      37.769721
     ]
    ]
   }
  },
  {
   "type": "Feature",
   "properties": {
    "name": "Roosevelt Way",
    "highway": "residential"
   },
   "geometry": {
    "type": "LineString",
    "coordinates": [
     [
      -122.435504,
      37.762685
     ],
     [
      -122.4388,
      37.763
     ]
    ]
   }
  },
  {
   "type": "Feature",
   "properties": {
    "name": "Roosevelt Way",
    "highway": "residential"
   },
   "geometry": {
    "type": "LineString",
    "coordinates": [
     [
      -122.4388,
      37.763
     ],
     [
      -122.4408,
      37.7632
     ]
    ]
   }
  },
  {
   "type": "Feature",
   "properties": {
    "name": "Roosevelt Way",
    "highway": "residential"
   },
   "geometry": {
    "type": "LineString",
    "coordinates": [
     [
      -122.4408,
      37.7632
     ],
     [
      -122.4425,
      37.7638
     ]
    ]
   }
  },
  {
   "type": "Feature",
   "properties": {
    "name": "Levant Street",
    "highway": "residential"
   },
   "geometry": {
    "type": "LineString",
    "coordinates": [
     [
      -122.4425,
      37.7638
     ],
     [
      -122.4432,
      37.7622
     ]
    ]
   }
  },
  {
   "type": "Feature",
   "properties": {
    "name": "Ord Street",
    "highway": "residential"
   },
   "geometry": {
    "type": "LineString",
    "coordinates": [
     [
      -122.435504,
      37.762685
     ],
     [
      -122.4405,
      37.7623
     ]
    ]
   }
  },
  {
   "type": "Feature",
   "properties": {
    "name": "Ord Street",
    "highway": "residential"
   },
   "geometry": {
    "type": "LineString",
    "coordinates": [
     [
      -122.4405,
      37.7623
     ],
     [
      -122.4417,
      37.762
     ]
    ]
   }
  },
  {
   "type": "Feature",
   "properties": {
    "name": "Vulcan Stairway",
    "highway": "steps",
    "surface": "concrete",
    "bicycle": "no"
   },
   "geometry": {
    "type": "LineString",
    "coordinates": [
     [
      -122.4417,
      37.762
     ],
     [
      -122.4432,
      37.7622
     ]
    ]
   }
  },
  {
   "type": "Feature",
   "properties": {
    "name": "Market Street",
    "highway": "primary",
    "bicycle": "yes"
   },
   "geometry": {
    "type": "LineString",
    "coordinates": [
     [
      -122.435488,
      37.762479
     ],
     [
      -122.433578,
      37.763945
     ]
    ]
   }
  },
  {
   "type": "Feature",
   "properties": {
    "name": "Market Street",
    "highway": "primary",
    "bicycle": "yes"
   },
   "geometry": {
    "type": "LineString",
    "coordinates": [
     [
      -122.433578,
      37.763945
     ],
     [
      -122.431195,
      37.765773
     ]
    ]
   }
  },
  {
   "type": "Feature",
   "properties": {
    "name": "Market Street",
    "highway": "primary",
    "bicycle": "yes"
   },
   "geometry": {
    "type": "LineString",
    "coordinates": [
     [
      -122.431195,
      37.765773
     ],
     [
      -122.429156,
      37.767337
     ]
    ]
   }
  },
  {
   "type": "Feature",
   "properties": {
    "name": "Market Street",
    "highway": "primary",
    "bicycle": "yes"
   },
   "geometry": {
    "type": "LineString",
    "coordinates": [
     [
      -122.429156,
      37.767337
     ],
     [
      -122.427288,
      37.76877
     ]
    ]
   }
  },
  {
   "type": "Feature",
   "properties": {
    "name": "Market Street",
    "highway": "primary",
    "bicycle": "yes"
   },
   "geometry": {
    "type": "LineString",
    "coordinates": [
     [
      -122.427288,
      37.76877
     ],
     [
      -122.427105,
      37.76891
     ]
    ]
   }
  },
  {
   "type": "Feature",
   "properties": {
    "name": "Market Street",
    "highway": "primary",
    "bicycle": "yes"
   },
   "geometry": {
    "type": "LineString",
    "coordinates": [
     [
      -122.427105,
      37.76891
     ],
     [
      -122.426441,
      37.76942
     ]
    ]
   }
  },
  {
   "type": "Feature",
   "properties": {
    "name": "Market Street",
    "highway": "primary",
    "bicycle": "yes"
   },
   "geometry": {
    "type": "LineString",
    "coordinates": [
     [
      -122.426441,
      37.76942
     ],
     [
      -122.425671,
      37.770011
     ]
    ]
   }
  },
  {
   "type": "Feature",
   "properties": {
    "name": "Market Street",
    "highway": "primary",
    "bicycle": "yes"
   },
   "geometry": {
    "type": "LineString",
    "coordinates": [
     [
      -122.425671,
      37.770011
     ],
     [
      -122.424927,
      37.770581
     ]
    ]
   }
  },
  {
   "type": "Feature",
   "properties": {
    "name": "Market Street",
    "highway": "primary",
    "bicycle": "yes"
   },
   "geometry": {
    "type": "LineString",
    "coordinates": [
     [
      -122.424927,
      37.770581
     ],
     [
      -122.424236,
      37.771111
     ]
    ]
   }
  },
  {
   "type": "Feature",
   "properties": {
    "name": "Market Street",
    "highway": "primary",
    "bicycle": "yes"
   },
   "geometry": {
    "type": "LineString",
    "coordinates": [
     [
      -122.424236,
      37.771111
     ],
     [
      -122.422802,
      37.772212
     ]
    ]
   }
  },
  {
   "type": "Feature",
   "properties": {
    "name": "Market Street",
    "highway": "primary",
    "bicycle": "yes"
   },
   "geometry": {
    "type": "LineString",
    "coordinates": [
     [
      -122.422802,
      37.772212
     ],
     [
      -122.422212,
      37.772665
     ]
    ]
   }
  },
  {
   "type": "Feature",
   "properties": {
    "name": "Market Street",
    "highway": "primary",
    "bicycle": "yes"
   },
   "geometry": {
    "type": "LineString",
    "coordinates": [
     [
      -122.422212,
      37.772665
     ],
     [
      -122.421367,
      37.773312
     ]
    ]
   }
  },
  {
   "type": "Feature",
   "properties": {
    "name": "Market Street",
    "highway": "primary",
    "bicycle": "yes"
   },
   "geometry": {
    "type": "LineString",
    "coordinates": [
     [
      -122.421367,
      37.773312
     ],
     [
      -122.420033,
      37.774336
     ]
    ]
   }
  },
  {
   "type": "Feature",
   "properties": {
    "name": "Market Street",
    "highway": "primary",
    "bicycle": "yes"
   },
   "geometry": {
    "type": "LineString",
    "coordinates": [
     [
      -122.420033,
      37.774336
     ],
     [
      -122.419933,
      37.774413
     ]
    ]
   }
  },
  {
   "type": "Feature",
   "properties": {
    "name": "Market Street",
    "highway": "primary",
    "bicycle": "yes"
   },
   "geometry": {
    "type": "LineString",
    "coordinates": [
     [
      -122.419933,
      37.774413
     ],
     [
      -122.419059,
      37.775083
     ]
    ]
   }
  },
  {
   "type": "Feature",
   "properties": {
    "name": "Market Street",
    "highway": "primary",
    "bicycle": "yes"
   },
   "geometry": {
    "type": "LineString",
    "coordinates": [
     [
      -122.419059,
      37.775083
     ],
     [
      -122.417464,
      37.776307
     ]
    ]
   }
  },
  {
   "type": "Feature",
   "properties": {
    "name": "Market Street",
    "highway": "primary",
    "bicycle": "yes",
    "access": "no"
   },
   "geometry": {
    "type": "LineString",
    "coordinates": [
     [
      -122.42082,
      37.773733
     ],
     [
      -122.418892,
      37.775211
     ]
    ]
   }
  },
  {
   "type": "Feature",
   "properties": {
    "name": "Market Street",
    "highway": "primary",
    "bicycle": "yes",
    "access": "no"
   },
   "geometry": {
    "type": "LineString",
    "coordinates": [
     [
      -122.418892,
      37.775211
     ],
     [
      -122.418499,
      37.775513
     ]
    ]
   }
  },
  {
   "type": "Feature",
   "properties": {
    "name": "Market Street",
    "highway": "primary",
    "bicycle": "yes",
    "access": "no"
   },
   "geometry": {
    "type": "LineString",
    "coordinates": [
     [
      -122.418499,
      37.775513
     ],
     [
      -122.417464,
      37.776307
     ]
    ]
   }
  },
  {
   "type": "Feature",
   "properties": {
    "name": "Market Street",
    "highway": "primary",
    "bicycle": "yes",
    "access": "no"
   },
   "geometry": {
    "type": "LineString",
    "coordinates": [
     [
      -122.417464,
      37.776307
     ],
     [
      -122.416973,
      37.776683
     ]
    ]
   }
  },
  {
   "type": "Feature",
   "properties": {
    "name": "Market Street",
    "highway": "primary",
    "bicycle": "yes",
    "access": "no"
   },
   "geometry": {
    "type": "LineString",
    "coordinates": [
     [
      -122.416973,
      37.776683
     ],
     [
      -122.415046,
      37.778162
     ]
    ]
   }
  },
  {
   "type": "Feature",
   "properties": {
    "name": "Market Street",
    "highway": "primary",
    "bicycle": "yes",
    "access": "no"
   },
   "geometry": {
    "type": "LineString",
    "coordinates": [
     [
      -122.415046,
      37.778162
     ],
     [
      -122.413119,
      37.77964
     ]
    ]
   }
  },
  {
   "type": "Feature",
   "properties": {
    "name": "Market Street",
    "highway": "primary",
    "bicycle": "yes",
    "access": "no"
   },
   "geometry": {
    "type": "LineString",
    "coordinates": [
     [
      -122.413119,
      37.77964
     ],
     [
      -122.4112,
      37.781113
     ]
    ]
   }
  },
  {
   "type": "Feature",
   "properties": {
    "name": "Market Street",
    "highway": "primary",
    "bicycle": "yes",
    "access": "no"
   },
   "geometry": {
    "type": "LineString",
    "coordinates": [
     [
      -122.4112,
      37.781113
     ],
     [
      -122.409273,
      37.782591
     ]
    ]
   }
  },
  {
   "type": "Feature",
   "properties": {
    "name": "Market Street",
    "highway": "primary",
    "bicycle": "yes",
    "access": "no"
   },
   "geometry": {
    "type": "LineString",
    "coordinates": [
     [
      -122.409273,
      37.782591
     ],
     [
      -122.408496,
      37.783187
     ]
    ]
   }
  },
  {
   "type": "Feature",
   "properties": {
    "name": "Market Street",
    "highway": "primary",
    "bicycle": "yes",
    "access": "no"
   },
   "geometry": {
    "type": "LineString",
    "coordinates": [
     [
      -122.408496,
      37.783187
     ],
     [
      -122.407354,
      37.784064
     ]
    ]
   }
  },
  {
   "type": "Feature",
   "properties": {
    "name": "Market Street",
    "highway": "primary",
    "bicycle": "yes",
    "access": "no"
   },
   "geometry": {
    "type": "LineString",
    "coordinates": [
     [
      -122.407354,
      37.784064
     ],
     [
      -122.405427,
      37.785542
     ]
    ]
   }
  },
  {
   "type": "Feature",
   "properties": {
    "name": "Market Street",
    "highway": "primary",
    "bicycle": "yes",
    "access": "no"
   },
   "geometry": {
    "type": "LineString",
    "coordinates": [
     [
      -122.405427,
      37.785542
     ],
     [
      -122.404072,
      37.786582
     ]
    ]
   }
  },
  {
   "type": "Feature",
   "properties": {
    "name": "Market Street",
    "highway": "primary",
    "bicycle": "yes",
    "access": "no"
   },
   "geometry": {
    "type": "LineString",
    "coordinates": [
     [
      -122.404072,
      37.786582
     ],
     [
      -122.403508,
      37.787014
     ]
    ]
   }
  },
  {
   "type": "Feature",
   "properties": {
    "name": "Market Street",
    "highway": "primary",
    "bicycle": "yes",
    "access": "no"
   },
   "geometry": {
    "type": "LineString",
    "coordinates": [
     [
      -122.403508,
      37.787014
     ],
     [
      -122.402597,
      37.787713
     ]
    ]
   }
  },
  {
   "type": "Feature",
   "properties": {
    "name": "Market Street",
    "highway": "primary",
    "bicycle": "yes",
    "access": "no"
   },
   "geometry": {
    "type": "LineString",
    "coordinates": [
     [
      -122.402597,
      37.787713
     ],
     [
      -122.40158,
      37.788493
     ]
    ]
   }
  },
  {
   "type": "Feature",
   "properties": {
    "name": "Market Street",
    "highway": "primary",
    "bicycle": "yes",
    "access": "no"
   },
   "geometry": {
    "type": "LineString",
    "coordinates": [
     [
      -122.40158,
      37.788493
     ],
     [
      -122.401122,
      37.788844
     ]
    ]
   }
  },
  {
   "type": "Feature",
   "properties": {
    "name": "Market Street",
    "highway": "primary",
    "bicycle": "yes",
    "access": "no"
   },
   "geometry": {
    "type": "LineString",
    "coordinates": [
     [
      -122.401122,
      37.788844
     ],
     [
      -122.397922,
      37.7913
     ]
    ]
   }
  },
  {
   "type": "Feature",
   "properties": {
    "name": "Market Street",
    "highway": "secondary",
    "bicycle": "yes"
   },
   "geometry": {
    "type": "LineString",
    "coordinates": [
     [
      -122.435488,
      37.762479
     ],
     [
      -122.4366,
      37.762
     ]
    ]
   }
  },
  {
   "type": "Feature",
   "properties": {
    "name": "Market Street",
    "highway": "secondary",
    "bicycle": "yes"
   },
   "geometry": {
    "type": "LineString",
    "coordinates": [
     [
      -122.4366,
      37.762
     ],
     [
      -122.439,
      37.761
     ]
    ]
   }
  },
  {
   "type": "Feature",
   "properties": {
    "name": "Market Street",
    "highway": "secondary",
    "bicycle": "yes"
   },
   "geometry": {
    "type": "LineString",
    "coordinates": [
     [
      -122.439,
      37.761
     ],
     [
      -122.4415,
      37.7597
     ]
    ]
   }
  },
  {
   "type": "Feature",
   "properties": {
    "name": "Market Street",
    "highway": "secondary",
    "bicycle": "yes"
   },
   "geometry": {
    "type": "LineString",
    "coordinates": [
     [
      -122.4415,
      37.7597
     ],
     [
      -122.4429,
      37.759
     ]
    ]
   }
  },
  {
   "type": "Feature",
   "properties": {
    "name": "Market Street",
    "highway": "secondary",
    "bicycle": "yes"
   },
   "geometry": {
    "type": "LineString",
    "coordinates": [
     [
      -122.4429,
      37.759
     ],
     [
      -122.4445,
      37.7566
     ]
    ]
   }
  },
  {
   "type": "Feature",
   "properties": {
    "name": "Market Street",
    "highway": "secondary",
    "bicycle": "yes"
   },
   "geometry": {
    "type": "LineString",
    "coordinates": [
     [
      -122.4445,
      37.7566
     ],
     [
      -122.4425,
      37.752
     ]
    ]
   }
  },
  {
   "type": "Feature",
   "properties": {
    "name": "Market Street",
    "highway": "secondary",
    "bicycle": "yes"
   },
   "geometry": {
    "type": "LineString",
    "coordinates": [
     [
      -122.4425,
      37.752
     ],
     [
      -122.4387,
      37.7484
     ]
    ]
   }
  },
  {
   "type": "Feature",
   "properties": {
    "name": "Geary Boulevard",
    "highway": "primary",
    "bicycle": "yes"
   },
   "geometry": {
    "type": "LineString",
    "coordinates": [
     [
      -122.460349,
      37.780952
     ],
     [
      -122.451572,
      37.78193
     ]
    ]
   }
  },
  {
   "type": "Feature",
   "properties": {
    "name": "Geary Boulevard",
    "highway": "primary",
    "bicycle": "yes"
   },
   "geometry": {
    "type": "LineString",
    "coordinates": [
     [
      -122.451572,
      37.78193
     ],
     [
      -122.447386,
      37.782396
     ]
    ]
   }
  },
  {
   "type": "Feature",
   "properties": {
    "name": "Geary Boulevard",
    "highway": "primary",
    "bicycle": "yes"
   },
   "geometry": {
    "type": "LineString",
    "coordinates": [
     [
      -122.447386,
      37.782396
     ],
     [
      -122.44419,
      37.782752
     ]
    ]
   }
  },
  {
   "type": "Feature",
   "properties": {
    "name": "Geary Boulevard",
    "highway": "primary",
    "bicycle": "yes"
   },
   "geometry": {
    "type": "LineString",
    "coordinates": [
     [
      -122.44419,
      37.782752
     ],
     [
      -122.442592,
      37.78293
     ]
    ]
   }
  },
  {
   "type": "Feature",
   "properties": {
    "name": "Geary Boulevard",
    "highway": "primary",
    "bicycle": "yes"
   },
   "geometry": {
    "type": "LineString",
    "coordinates": [
     [
      -122.442592,
      37.78293
     ],
     [
      -122.440994,
      37.783108
     ]
    ]
   }
  },
  {
   "type": "Feature",
   "properties": {
    "name": "Geary Boulevard",
    "highway": "primary",
    "bicycle": "yes"
   },
   "geometry": {
    "type": "LineString",
    "coordinates": [
     [
      -122.440994,
      37.783108
     ],
     [
      -122.439396,
      37.783286
     ]
    ]
   }
  },
  {
   "type": "Feature",
   "properties": {
    "name": "Geary Boulevard",
    "highway": "primary",
    "bicycle": "yes"
   },
   "geometry": {
    "type": "LineString",
    "coordinates": [
     [
      -122.439396,
      37.783286
     ],
     [
      -122.432948,
      37.784005
     ]
    ]
   }
  },
  {
   "type": "Feature",
   "properties": {
    "name": "Geary Boulevard",
    "highway": "primary",
    "bicycle": "yes"
   },
   "geometry": {
    "type": "LineString",
    "coordinates": [
     [
      -122.432948,
      37.784005
     ],
     [
      -122.43144,
      37.784173
     ]
    ]
   }
  },
  {
   "type": "Feature",
   "properties": {
    "name": "Geary Boulevard",
    "highway": "primary",
    "bicycle": "yes"
   },
   "geometry": {
    "type": "LineString",
    "coordinates": [
     [
      -122.43144,
      37.784173
     ],
     [
      -122.425048,
      37.784885
     ]
    ]
   }
  },
  {
   "type": "Feature",
   "properties": {
    "name": "Geary Boulevard",
    "highway": "primary",
    "bicycle": "yes"
   },
   "geometry": {
    "type": "LineString",
    "coordinates": [
     [
      -122.425048,
      37.784885
     ],
     [
      -122.421853,
      37.785241
     ]
    ]
   }
  },
  {
   "type": "Feature",
   "properties": {
    "name": "Geary Boulevard",
    "highway": "primary",
    "bicycle": "yes"
   },
   "geometry": {
    "type": "LineString",
    "coordinates": [
     [
      -122.421853,
      37.785241
     ],
     [
      -122.420255,
      37.785419
     ]
    ]
   }
  },
  {
   "type": "Feature",
   "properties": {
    "name": "Geary Boulevard",
    "highway": "primary",
    "bicycle": "yes"
   },
   "geometry": {
    "type": "LineString",
    "coordinates": [
     [
      -122.420255,
      37.785419
     ],
     [
      -122.417428,
      37.785734
     ]
    ]
   }
  },
  {
   "type": "Feature",
   "properties": {
    "name": "Geary Boulevard",
    "highway": "primary",
    "bicycle": "yes"
   },
   "geometry": {
    "type": "LineString",
    "coordinates": [
     [
      -122.417428,
      37.785734
     ],
     [
      -122.416044,
      37.785888
     ]
    ]
   }
  },
  {
   "type": "Feature",
   "properties": {
    "name": "Geary Boulevard",
    "highway": "primary",
    "bicycle": "yes"
   },
   "geometry": {
    "type": "LineString",
    "coordinates": [
     [
      -122.416044,
      37.785888
     ],
     [
      -122.413276,
      37.786197
     ]
    ]
   }
  },
  {
   "type": "Feature",
   "properties": {
    "name": "Geary Boulevard",
    "highway": "primary",
    "bicycle": "yes"
   },
   "geometry": {
    "type": "LineString",
    "coordinates": [
     [
      -122.413276,
      37.786197
     ],
     [
      -122.41188,
      37.786352
     ]
    ]
   }
  },
  {
   "type": "Feature",
   "properties": {
    "name": "Geary Boulevard",
    "highway": "primary",
    "bicycle": "yes"
   },
   "geometry": {
    "type": "LineString",
    "coordinates": [
     [
      -122.41188,
      37.786352
     ],
     [
      -122.409112,
      37.78666
     ]
    ]
   }
  },
  {
   "type": "Feature",
   "properties": {
    "name": "Geary Boulevard",
    "highway": "primary",
    "bicycle": "yes"
   },
   "geometry": {
    "type": "LineString",
    "coordinates": [
     [
      -122.409112,
      37.78666
     ],
     [
      -122.407469,
      37.786843
     ]
    ]
   }
  },
  {
   "type": "Feature",
   "properties": {
    "name": "Geary Boulevard",
    "highway": "primary",
    "bicycle": "yes"
   },
   "geometry": {
    "type": "LineString",
    "coordinates": [
     [
      -122.407469,
      37.786843
     ],
     [
      -122.405826,
      37.787027
     ]
    ]
   }
  },
  {
   "type": "Feature",
   "properties": {
    "name": "Geary Boulevard",
    "highway": "primary",
    "bicycle": "yes"
   },
   "geometry": {
    "type": "LineString",
    "coordinates": [
     [
      -122.405826,
      37.787027
     ],
     [
      -122.404183,
      37.78721
     ]
    ]
   }
  },
  {
   "type": "Feature",
   "properties": {
    "name": "California Street",
    "highway": "secondary",
    "bicycle": "yes"
   },
   "geometry": {
    "type": "LineString",
    "coordinates": [
     [
      -122.461243,
      37.785992
     ],
     [
      -122.452465,
      37.78697
     ]
    ]
   }
  },
  {
   "type": "Feature",
   "properties": {
    "name": "California Street",
    "highway": "secondary",
    "bicycle": "yes"
   },
   "geometry": {
    "type": "LineString",
    "coordinates": [
     [
      -122.452465,
      37.78697
     ],
     [
      -122.448279,
      37.787437
     ]
    ]
   }
  },
  {
   "type": "Feature",
   "properties": {
    "name": "California Street",
    "highway": "secondary",
    "bicycle": "yes"
   },
   "geometry": {
    "type": "LineString",
    "coordinates": [
     [
      -122.448279,
      37.787437
     ],
     [
      -122.445083,
      37.787793
     ]
    ]
   }
  },
  {
   "type": "Feature",
   "properties": {
    "name": "California Street",
    "highway": "secondary",
    "bicycle": "yes"
   },
   "geometry": {
    "type": "LineString",
    "coordinates": [
     [
      -122.445083,
      37.787793
     ],
     [
      -122.443485,
      37.787971
     ]
    ]
   }
  },
  {
   "type": "Feature",
   "properties": {
    "name": "California Street",
    "highway": "secondary",
    "bicycle": "yes"
   },
   "geometry": {
    "type": "LineString",
    "coordinates": [
     [
      -122.443485,
      37.787971
     ],
     [
      -122.441888,
      37.788149
     ]
    ]
   }
  },
  {
   "type": "Feature",
   "properties": {
    "name": "California Street",
    "highway": "secondary",
    "bicycle": "yes"
   },
   "geometry": {
    "type": "LineString",
    "coordinates": [
     [
      -122.441888,
      37.788149
     ],
     [
      -122.44029,
      37.788327
     ]
    ]
   }
  },
  {
   "type": "Feature",
   "properties": {
    "name": "California Street",
    "highway": "secondary",
    "bicycle": "yes"
   },
   "geometry": {
    "type": "LineString",
    "coordinates": [
     [
      -122.44029,
      37.788327
     ],
     [
      -122.433842,
      37.789045
     ]
    ]
   }
  },
  {
   "type": "Feature",
   "properties": {
    "name": "California Street",
    "highway": "secondary",
    "bicycle": "yes"
   },
   "geometry": {
    "type": "LineString",
    "coordinates": [
     [
      -122.433842,
      37.789045
     ],
     [
      -122.432334,
      37.789213
     ]
    ]
   }
  },
  {
   "type": "Feature",
   "properties": {
    "name": "California Street",
    "highway": "secondary",
    "bicycle": "yes"
   },
   "geometry": {
    "type": "LineString",
    "coordinates": [
     [
      -122.432334,
      37.789213
     ],
     [
      -122.425942,
      37.789925
     ]
    ]
   }
  },
  {
   "type": "Feature",
   "properties": {
    "name": "California Street",
    "highway": "secondary",
    "bicycle": "yes"
   },
   "geometry": {
    "type": "LineString",
    "coordinates": [
     [
      -122.425942,
      37.789925
     ],
     [
      -122.422746,
      37.790281
     ]
    ]
   }
  },
  {
   "type": "Feature",
   "properties": {
    "name": "California Street",
    "highway": "secondary",
    "bicycle": "yes"
   },
   "geometry": {
    "type": "LineString",
    "coordinates": [
     [
      -122.422746,
      37.790281
     ],
     [
      -122.421148,
      37.790459
     ]
    ]
   }
  },
  {
   "type": "Feature",
   "properties": {
    "name": "California Street",
    "highway": "secondary",
    "bicycle": "yes"
   },
   "geometry": {
    "type": "LineString",
    "coordinates": [
     [
      -122.421148,
      37.790459
     ],
     [
      -122.418321,
      37.790774
     ]
    ]
   }
  },
  {
   "type": "Feature",
   "properties": {
    "name": "California Street",
    "highway": "secondary",
    "bicycle": "yes"
   },
   "geometry": {
    "type": "LineString",
    "coordinates": [
     [
      -122.418321,
      37.790774
     ],
     [
      -122.416937,
      37.790929
     ]
    ]
   }
  },
  {
   "type": "Feature",
   "properties": {
    "name": "California Street",
    "highway": "secondary",
    "bicycle": "yes"
   },
   "geometry": {
    "type": "LineString",
    "coordinates": [
     [
      -122.416937,
      37.790929
     ],
     [
      -122.415553,
      37.791083
     ]
    ]
   }
  },
  {
   "type": "Feature",
   "properties": {
    "name": "California Street",
    "highway": "secondary",
    "bicycle": "yes"
   },
   "geometry": {
    "type": "LineString",
    "coordinates": [
     [
      -122.415553,
      37.791083
     ],
     [
      -122.414169,
      37.791237
     ]
    ]
   }
  },
  {
   "type": "Feature",
   "properties": {
    "name": "California Street",
    "highway": "secondary",
    "bicycle": "yes"
   },
   "geometry": {
    "type": "LineString",
    "coordinates": [
     [
      -122.414169,
      37.791237
     ],
     [
      -122.412774,
      37.791393
     ]
    ]
   }
  },
  {
   "type": "Feature",
   "properties": {
    "name": "California Street",
    "highway": "secondary",
    "bicycle": "yes"
   },
   "geometry": {
    "type": "LineString",
    "coordinates": [
     [
      -122.412774,
      37.791393
     ],
     [
      -122.41139,
      37.791547
     ]
    ]
   }
  },
  {
   "type": "Feature",
   "properties": {
    "name": "California Street",
    "highway": "secondary",
    "bicycle": "yes"
   },
   "geometry": {
    "type": "LineString",
    "coordinates": [
     [
      -122.41139,
      37.791547
     ],
     [
      -122.410005,
      37.791701
     ]
    ]
   }
  },
  {
   "type": "Feature",
   "properties": {
    "name": "California Street",
    "highway": "secondary",
    "bicycle": "yes"
   },
   "geometry": {
    "type": "LineString",
    "coordinates": [
     [
      -122.410005,
      37.791701
     ],
     [
      -122.408363,
      37.791884
     ]
    ]
   }
  },
  {
   "type": "Feature",
   "properties": {
    "name": "California Street",
    "highway": "secondary",
    "bicycle": "yes"
   },
   "geometry": {
    "type": "LineString",
    "coordinates": [
     [
      -122.408363,
      37.791884
     ],
     [
      -122.40672,
      37.792067
     ]
    ]
   }
  },
  {
   "type": "Feature",
   "properties": {
    "name": "California Street",
    "highway": "secondary",
    "bicycle": "yes"
   },
   "geometry": {
    "type": "LineString",
    "coordinates": [
     [
      -122.40672,
      37.792067
     ],
     [
      -122.405077,
      37.79225
     ]
    ]
   }
  },
  {
   "type": "Feature",
   "properties": {
    "name": "California Street",
    "highway": "secondary",
    "bicycle": "yes"
   },
   "geometry": {
    "type": "LineString",
    "coordinates": [
     [
      -122.405077,
      37.79225
     ],
     [
      -122.403434,
      37.792433
     ]
    ]
   }
  },
  {
   "type": "Feature",
   "properties": {
    "name": "California Street",
    "highway": "secondary",
    "bicycle": "yes"
   },
   "geometry": {
    "type": "LineString",
    "coordinates": [
     [
      -122.403434,
      37.792433
     ],
     [
      -122.401791,
      37.792616
     ]
    ]
   }
  },
  {
   "type": "Feature",
   "properties": {
    "name": "Broadway",
    "highway": "secondary"
   },
   "geometry": {
    "type": "LineString",
    "coordinates": [
     [
      -122.446171,
      37.79393
     ],
     [
      -122.444574,
      37.794109
     ]
    ]
   }
  },
  {
   "type": "Feature",
   "properties": {
    "name": "Broadway",
    "highway": "secondary"
   },
   "geometry": {
    "type": "LineString",
    "coordinates": [
     [
      -122.444574,
      37.794109
     ],
     [
      -122.441378,
      37.794465
     ]
    ]
   }
  },
  {
   "type": "Feature",
   "properties": {
    "name": "Broadway",
    "highway": "secondary"
   },
   "geometry": {
    "type": "LineString",
    "coordinates": [
     [
      -122.441378,
      37.794465
     ],
     [
      -122.43493,
      37.795183
     ]
    ]
   }
  },
  {
   "type": "Feature",
   "properties": {
    "name": "Broadway",
    "highway": "secondary"
   },
   "geometry": {
    "type": "LineString",
    "coordinates": [
     [
      -122.43493,
      37.795183
     ],
     [
      -122.433422,
      37.795351
     ]
    ]
   }
  },
  {
   "type": "Feature",
   "properties": {
    "name": "Broadway",
    "highway": "secondary"
   },
   "geometry": {
    "type": "LineString",
    "coordinates": [
     [
      -122.433422,
      37.795351
     ],
     [
      -122.42703,
      37.796063
     ]
    ]
   }
  },
  {
   "type": "Feature",
   "properties": {
    "name": "Broadway",
    "highway": "secondary"
   },
   "geometry": {
    "type": "LineString",
    "coordinates": [
     [
      -122.42703,
      37.796063
     ],
     [
      -122.423834,
      37.796419
     ]
    ]
   }
  },
  {
   "type": "Feature",
   "properties": {
    "name": "Broadway",
    "highway": "secondary"
   },
   "geometry": {
    "type": "LineString",
    "coordinates": [
     [
      -122.423834,
      37.796419
     ],
     [
      -122.422236,
      37.796597
     ]
    ]
   }
  },
  {
   "type": "Feature",
   "properties": {
    "name": "Broadway",
    "highway": "secondary"
   },
   "geometry": {
    "type": "LineString",
    "coordinates": [
     [
      -122.422236,
      37.796597
     ],
     [
      -122.41941,
      37.796912
     ]
    ]
   }
  },
  {
   "type": "Feature",
   "properties": {
    "name": "Broadway",
    "highway": "secondary"
   },
   "geometry": {
    "type": "LineString",
    "coordinates": [
     [
      -122.41941,
      37.796912
     ],
     [
      -122.418025,
      37.797067
     ]
    ]
   }
  },
  {
   "type": "Feature",
   "properties": {
    "name": "Broadway",
    "highway": "secondary"
   },
   "geometry": {
    "type": "LineString",
    "coordinates": [
     [
      -122.418025,
      37.797067
     ],
     [
      -122.416641,
      37.797221
     ]
    ]
   }
  },
  {
   "type": "Feature",
   "properties": {
    "name": "Broadway",
    "highway": "secondary"
   },
   "geometry": {
    "type": "LineString",
    "coordinates": [
     [
      -122.416641,
      37.797221
     ],
     [
      -122.415257,
      37.797375
     ]
    ]
   }
  },
  {
   "type": "Feature",
   "properties": {
    "name": "Broadway",
    "highway": "secondary"
   },
   "geometry": {
    "type": "LineString",
    "coordinates": [
     [
      -122.415257,
      37.797375
     ],
     [
      -122.413862,
      37.79753
     ]
    ]
   }
  },
  {
   "type": "Feature",
   "properties": {
    "name": "Broadway",
    "highway": "secondary"
   },
   "geometry": {
    "type": "LineString",
    "coordinates": [
     [
      -122.413862,
      37.79753
     ],
     [
      -122.412478,
      37.797685
     ]
    ]
   }
  },
  {
   "type": "Feature",
   "properties": {
    "name": "Broadway",
    "highway": "secondary"
   },
   "geometry": {
    "type": "LineString",
    "coordinates": [
     [
      -122.412478,
      37.797685
     ],
     [
      -122.411094,
      37.797839
     ]
    ]
   }
  },
  {
   "type": "Feature",
   "properties": {
    "name": "Broadway",
    "highway": "secondary"
   },
   "geometry": {
    "type": "LineString",
    "coordinates": [
     [
      -122.411094,
      37.797839
     ],
     [
      -122.409451,
      37.798022
     ]
    ]
   }
  },
  {
   "type": "Feature",
   "properties": {
    "name": "Broadway",
    "highway": "secondary"
   },
   "geometry": {
    "type": "LineString",
    "coordinates": [
     [
      -122.409451,
      37.798022
     ],
     [
      -122.407808,
      37.798205
     ]
    ]
   }
  },
  {
   "type": "Feature",
   "properties": {
    "name": "Broadway",
    "highway": "secondary"
   },
   "geometry": {
    "type": "LineString",
    "coordinates": [
     [
      -122.407808,
      37.798205
     ],
     [
      -122.406165,
      37.798388
     ]
    ]
   }
  },
  {
   "type": "Feature",
   "properties": {
    "name": "Broadway",
    "highway": "secondary"
   },
   "geometry": {
    "type": "LineString",
    "coordinates": [
     [
      -122.406165,
      37.798388
     ],
     [
      -122.404522,
      37.798571
     ]
    ]
   }
  },
  {
   "type": "Feature",
   "properties": {
    "name": "Broadway",
    "highway": "secondary"
   },
   "geometry": {
    "type": "LineString",
    "coordinates": [
     [
      -122.404522,
      37.798571
     ],
     [
      -122.402879,
      37.798754
     ]
    ]
   }
  },
  {
   "type": "Feature",
   "properties": {
    "name": "Vallejo Street",
    "highway": "residential"
   },
   "geometry": {
    "type": "LineString",
    "coordinates": [
     [
      -122.444721,
      37.794938
     ],
     [
      -122.441525,
      37.795294
     ]
    ]
   }
  },
  {
   "type": "Feature",
   "properties": {
    "name": "Vallejo Street",
    "highway": "residential"
   },
   "geometry": {
    "type": "LineString",
    "coordinates": [
     [
      -122.441525,
      37.795294
     ],
     [
      -122.435077,
      37.796013
     ]
    ]
   }
  },
  {
   "type": "Feature",
   "properties": {
    "name": "Green Street",
    "highway": "residential"
   },
   "geometry": {
    "type": "LineString",
    "coordinates": [
     [
      -122.446464,
      37.795581
     ],
     [
      -122.444866,
      37.795759
     ]
    ]
   }
  },
  {
   "type": "Feature",
   "properties": {
    "name": "Green Street",
    "highway": "residential"
   },
   "geometry": {
    "type": "LineString",
    "coordinates": [
     [
      -122.444866,
      37.795759
     ],
     [
      -122.44167,
      37.796115
     ]
    ]
   }
  },
  {
   "type": "Feature",
   "properties": {
    "name": "Green Street",
    "highway": "residential"
   },
   "geometry": {
    "type": "LineString",
    "coordinates": [
     [
      -122.44167,
      37.796115
     ],
     [
      -122.435222,
      37.796833
     ]
    ]
   }
  },
  {
   "type": "Feature",
   "properties": {
    "name": "Green Street",
    "highway": "residential"
   },
   "geometry": {
    "type": "LineString",
    "coordinates": [
     [
      -122.435222,
      37.796833
     ],
     [
      -122.433714,
      37.797001
     ]
    ]
   }
  },
  {
   "type": "Feature",
   "properties": {
    "name": "Green Street",
    "highway": "residential"
   },
   "geometry": {
    "type": "LineString",
    "coordinates": [
     [
      -122.433714,
      37.797001
     ],
     [
      -122.427323,
      37.797714
     ]
    ]
   }
  },
  {
   "type": "Feature",
   "properties": {
    "name": "Green Street",
    "highway": "residential"
   },
   "geometry": {
    "type": "LineString",
    "coordinates": [
     [
      -122.427323,
      37.797714
     ],
     [
      -122.424127,
      37.79807
     ]
    ]
   }
  },
  {
   "type": "Feature",
   "properties": {
    "name": "Green Street",
    "highway": "residential"
   },
   "geometry": {
    "type": "LineString",
    "coordinates": [
     [
      -122.424127,
      37.79807
     ],
     [
      -122.422529,
      37.798248
     ]
    ]
   }
  },
  {
   "type": "Feature",
   "properties": {
    "name": "Green Street",
    "highway": "residential"
   },
   "geometry": {
    "type": "LineString",
    "coordinates": [
     [
      -122.422529,
      37.798248
     ],
     [
      -122.418318,
      37.798717
     ]
    ]
   }
  },
  {
   "type": "Feature",
   "properties": {
    "name": "Green Street",
    "highway": "residential"
   },
   "geometry": {
    "type": "LineString",
    "coordinates": [
     [
      -122.418318,
      37.798717
     ],
     [
      -122.411386,
      37.799489
     ]
    ]
   }
  },
  {
   "type": "Feature",
   "properties": {
    "name": "Lombard Street",
    "highway": "residential"
   },
   "geometry": {
    "type": "LineString",
    "coordinates": [
     [
      -122.424709,
      37.801353
     ],
     [
      -122.423111,
      37.801531
     ]
    ]
   }
  },
  {
   "type": "Feature",
   "properties": {
    "name": "Lombard Street",
    "highway": "residential"
   },
   "geometry": {
    "type": "LineString",
    "coordinates": [
     [
      -122.423111,
      37.801531
     ],
     [
      -122.420284,
      37.801846
     ]
    ]
   }
  },
  {
   "type": "Feature",
   "properties": {
    "name": "Lombard Street",
    "highway": "residential"
   },
   "geometry": {
    "type": "LineString",
    "coordinates": [
     [
      -122.420284,
      37.801846
     ],
     [
      -122.4189,
      37.802
     ]
    ]
   }
  },
  {
   "type": "Feature",
   "properties": {
    "name": "Lombard Street",
    "highway": "residential"
   },
   "geometry": {
    "type": "LineString",
    "coordinates": [
     [
      -122.417516,
      37.802154
     ],
     [
      -122.416132,
      37.802308
     ]
    ]
   }
  },
  {
   "type": "Feature",
   "properties": {
    "name": "Lombard Street",
    "highway": "residential"
   },
   "geometry": {
    "type": "LineString",
    "coordinates": [
     [
      -122.416132,
      37.802308
     ],
     [
      -122.414736,
      37.802464
     ]
    ]
   }
  },
  {
   "type": "Feature",
   "properties": {
    "name": "Lombard Street",
    "highway": "residential"
   },
   "geometry": {
    "type": "LineString",
    "coordinates": [
     [
      -122.414736,
      37.802464
     ],
     [
      -122.413352,
      37.802618
     ]
    ]
   }
  },
  {
   "type": "Feature",
   "properties": {
    "name": "Lombard Street",
    "highway": "residential"
   },
   "geometry": {
    "type": "LineString",
    "coordinates": [
     [
      -122.413352,
      37.802618
     ],
     [
      -122.411968,
      37.802772
     ]
    ]
   }
  },
  {
   "type": "Feature",
   "properties": {
    "name": "Filbert Street",
    "highway": "residential"
   },
   "geometry": {
    "type": "LineString",
    "coordinates": [
     [
      -122.424418,
      37.799711
     ],
     [
      -122.42282,
      37.799889
     ]
    ]
   }
  },
  {
   "type": "Feature",
   "properties": {
    "name": "Filbert Street",
    "highway": "residential"
   },
   "geometry": {
    "type": "LineString",
    "coordinates": [
     [
      -122.42282,
      37.799889
     ],
     [
      -122.419993,
      37.800204
     ]
    ]
   }
  },
  {
   "type": "Feature",
   "properties": {
    "name": "Filbert Street",
    "highway": "residential"
   },
   "geometry": {
    "type": "LineString",
    "coordinates": [
     [
      -122.419993,
      37.800204
     ],
     [
      -122.418609,
      37.800358
     ]
    ]
   }
  },
  {
   "type": "Feature",
   "properties": {
    "name": "Filbert Street",
    "highway": "residential"
   },
   "geometry": {
    "type": "LineString",
    "coordinates": [
     [
      -122.418609,
      37.800358
     ],
     [
      -122.417225,
      37.800513
     ]
    ]
   }
  },
  {
   "type": "Feature",
   "properties": {
    "name": "Filbert Street",
    "highway": "residential"
   },
   "geometry": {
    "type": "LineString",
    "coordinates": [
     [
      -122.417225,
      37.800513
     ],
     [
      -122.415841,
      37.800667
     ]
    ]
   }
  },
  {
   "type": "Feature",
   "properties": {
    "name": "Filbert Street",
    "highway": "residential"
   },
   "geometry": {
    "type": "LineString",
    "coordinates": [
     [
      -122.415841,
      37.800667
     ],
     [
      -122.414445,
      37.800822
     ]
    ]
   }
  },
  {
   "type": "Feature",
   "properties": {
    "name": "Filbert Street",
    "highway": "residential"
   },
   "geometry": {
    "type": "LineString",
    "coordinates": [
     [
      -122.414445,
      37.800822
     ],
     [
      -122.413061,
      37.800977
     ]
    ]
   }
  },
  {
   "type": "Feature",
   "properties": {
    "name": "Filbert Street",
    "highway": "residential"
   },
   "geometry": {
    "type": "LineString",
    "coordinates": [
     [
      -122.413061,
      37.800977
     ],
     [
      -122.411677,
      37.801131
     ]
    ]
   }
  },
  {
   "type": "Feature",
   "properties": {
    "name": "Filbert Street",
    "highway": "residential"
   },
   "geometry": {
    "type": "LineString",
    "coordinates": [
     [
      -122.411677,
      37.801131
     ],
     [
      -122.410034,
      37.801314
     ]
    ]
   }
  },
  {
   "type": "Feature",
   "properties": {
    "name": "Filbert Street",
    "highway": "residential"
   },
   "geometry": {
    "type": "LineString",
    "coordinates": [
     [
      -122.410034,
      37.801314
     ],
     [
      -122.408391,
      37.801497
     ]
    ]
   }
  },
  {
   "type": "Feature",
   "properties": {
    "name": "Filbert Street",
    "highway": "residential"
   },
   "geometry": {
    "type": "LineString",
    "coordinates": [
     [
      -122.408391,
      37.801497
     ],
     [
      -122.406748,
      37.80168
     ]
    ]
   }
  },
  {
   "type": "Feature",
   "properties": {
    "name": "Filbert Street",
    "highway": "residential"
   },
   "geometry": {
    "type": "LineString",
    "coordinates": [
     [
      -122.406748,
      37.80168
     ],
     [
      -122.405105,
      37.801863
     ]
    ]
   }
  },
  {
   "type": "Feature",
   "properties": {
    "name": "Van Ness Avenue",
    "highway": "primary"
   },
   "geometry": {
    "type": "LineString",
    "coordinates": [
     [
      -122.419933,
      37.774413
     ],
     [
      -122.420033,
      37.774975
     ]
    ]
   }
  },
  {
   "type": "Feature",
   "properties": {
    "name": "Van Ness Avenue",
    "highway": "primary"
   },
   "geometry": {
    "type": "LineString",
    "coordinates": [
     [
      -122.420033,
      37.774975
     ],
     [
      -122.420215,
      37.776001
     ]
    ]
   }
  },
  {
   "type": "Feature",
   "properties": {
    "name": "Van Ness Avenue",
    "highway": "primary"
   },
   "geometry": {
    "type": "LineString",
    "coordinates": [
     [
      -122.420215,
      37.776001
     ],
     [
      -122.420602,
      37.778184
     ]
    ]
   }
  },
  {
   "type": "Feature",
   "properties": {
    "name": "Van Ness Avenue",
    "highway": "primary"
   },
   "geometry": {
    "type": "LineString",
    "coordinates": [
     [
      -122.420602,
      37.778184
     ],
     [
      -122.421138,
      37.781208
     ]
    ]
   }
  },
  {
   "type": "Feature",
   "properties": {
    "name": "Van Ness Avenue",
    "highway": "primary"
   },
   "geometry": {
    "type": "LineString",
    "coordinates": [
     [
      -122.421138,
      37.781208
     ],
     [
      -122.421853,
      37.785241
     ]
    ]
   }
  },
  {
   "type": "Feature",
   "properties": {
    "name": "Van Ness Avenue",
    "highway": "primary"
   },
   "geometry": {
    "type": "LineString",
    "coordinates": [
     [
      -122.421853,
      37.785241
     ],
     [
      -122.422746,
      37.790281
     ]
    ]
   }
  },
  {
   "type": "Feature",
   "properties": {
    "name": "Van Ness Avenue",
    "highway": "primary"
   },
   "geometry": {
    "type": "LineString",
    "coordinates": [
     [
      -122.422746,
      37.790281
     ],
     [
      -122.423834,
      37.796419
     ]
    ]
   }
  },
  {
   "type": "Feature",
   "properties": {
    "name": "Van Ness Avenue",
    "highway": "primary"
   },
   "geometry": {
    "type": "LineString",
    "coordinates": [
     [
      -122.423834,
      37.796419
     ],
     [
      -122.424127,
      37.79807
     ]
    ]
   }
  },
  {
   "type": "Feature",
   "properties": {
    "name": "Van Ness Avenue",
    "highway": "primary"
   },
   "geometry": {
    "type": "LineString",
    "coordinates": [
     [
      -122.424127,
      37.79807
     ],
     [
      -122.424418,
      37.799711
     ]
    ]
   }
  },
  {
   "type": "Feature",
   "properties": {
    "name": "Van Ness Avenue",
    "highway": "primary"
   },
   "geometry": {
    "type": "LineString",
    "coordinates": [
     [
      -122.424418,
      37.799711
     ],
     [
      -122.424709,
      37.801353
     ]
    ]
   }
  },
  {
   "type": "Feature",
   "properties": {
    "name": "Polk Street",
    "highway": "residential",
    "bicycle": "yes"
   },
   "geometry": {
    "type": "LineString",
    "coordinates": [
     [
      -122.418617,
      37.776179
     ],
     [
      -122.419004,
      37.778362
     ]
    ]
   }
  },
  {
   "type": "Feature",
   "properties": {
    "name": "Polk Street",
    "highway": "residential",
    "bicycle": "yes"
   },
   "geometry": {
    "type": "LineString",
    "coordinates": [
     [
      -122.419004,
      37.778362
     ],
     [
      -122.41954,
      37.781386
     ]
    ]
   }
  },
  {
   "type": "Feature",
   "properties": {
    "name": "Polk Street",
    "highway": "residential",
    "bicycle": "yes"
   },
   "geometry": {
    "type": "LineString",
    "coordinates": [
     [
      -122.41954,
      37.781386
     ],
     [
      -122.420255,
      37.785419
     ]
    ]
   }
  },
  {
   "type": "Feature",
   "properties": {
    "name": "Polk Street",
    "highway": "residential",
    "bicycle": "yes"
   },
   "geometry": {
    "type": "LineString",
    "coordinates": [
     [
      -122.420255,
      37.785419
     ],
     [
      -122.421148,
      37.790459
     ]
    ]
   }
  },
  {
   "type": "Feature",
   "properties": {
    "name": "Polk Street",
    "highway": "residential",
    "bicycle": "yes"
   },
   "geometry": {
    "type": "LineString",
    "coordinates": [
     [
      -122.421148,
      37.790459
     ],
     [
      -122.422236,
      37.796597
     ]
    ]
   }
  },
  {
   "type": "Feature",
   "properties": {
    "name": "Polk Street",
    "highway": "residential",
    "bicycle": "yes"
   },
   "geometry": {
    "type": "LineString",
    "coordinates": [
     [
      -122.422236,
      37.796597
     ],
     [
      -122.422529,
      37.798248
     ]
    ]
   }
  },
  {
   "type": "Feature",
   "properties": {
    "name": "Polk Street",
    "highway": "residential",
    "bicycle": "yes"
   },
   "geometry": {
    "type": "LineString",
    "coordinates": [
     [
      -122.422529,
      37.798248
     ],
     [
      -122.42282,
      37.799889
     ]
    ]
   }
  },
  {
   "type": "Feature",
   "properties": {
    "name": "Polk Street",
    "highway": "residential",
    "bicycle": "yes"
   },
   "geometry": {
    "type": "LineString",
    "coordinates": [
     [
      -122.42282,
      37.799889
     ],
     [
      -122.423111,
      37.801531
     ]
    ]
   }
  },
  {
   "type": "Feature",
   "properties": {
    "name": "Larkin Street",
    "highway": "residential"
   },
   "geometry": {
    "type": "LineString",
    "coordinates": [
     [
      -122.417428,
      37.785734
     ],
     [
      -122.418321,
      37.790774
     ]
    ]
   }
  },
  {
   "type": "Feature",
   "properties": {
    "name": "Larkin Street",
    "highway": "residential"
   },
   "geometry": {
    "type": "LineString",
    "coordinates": [
     [
      -122.418321,
      37.790774
     ],
     [
      -122.41941,
      37.796912
     ]
    ]
   }
  },
  {
   "type": "Feature",
   "properties": {
    "name": "Larkin Street",
    "highway": "residential"
   },
   "geometry": {
    "type": "LineString",
    "coordinates": [
     [
      -122.41941,
      37.796912
     ],
     [
      -122.419993,
      37.800204
     ]
    ]
   }
  },
  {
   "type": "Feature",
   "properties": {
    "name": "Larkin Street",
    "highway": "residential"
   },
   "geometry": {
    "type": "LineString",
    "coordinates": [
     [
      -122.419993,
      37.800204
     ],
     [
      -122.420284,
      37.801846
     ]
    ]
   }
  },
  {
   "type": "Feature",
   "properties": {
    "name": "Hyde Street",
    "highway": "residential"
   },
   "geometry": {
    "type": "LineString",
    "coordinates": [
     [
      -122.416044,
      37.785888
     ],
     [
      -122.416937,
      37.790929
     ]
    ]
   }
  },
  {
   "type": "Feature",
   "properties": {
    "name": "Hyde Street",
    "highway": "residential"
   },
   "geometry": {
    "type": "LineString",
    "coordinates": [
     [
      -122.416937,
      37.790929
     ],
     [
      -122.418025,
      37.797067
     ]
    ]
   }
  },
  {
   "type": "Feature",
   "properties": {
    "name": "Hyde Street",
    "highway": "residential"
   },
   "geometry": {
    "type": "LineString",
    "coordinates": [
     [
      -122.418025,
      37.797067
     ],
     [
      -122.418318,
      37.798717
     ]
    ]
   }
  },
  {
   "type": "Feature",
   "properties": {
    "name": "Hyde Street",
    "highway": "residential"
   },
   "geometry": {
    "type": "LineString",
    "coordinates": [
     [
      -122.418318,
      37.798717
     ],
     [
      -122.418609,
      37.800358
     ]
    ]
   }
  },
  {
   "type": "Feature",
   "properties": {
    "name": "Hyde Street",
    "highway": "residential"
   },
   "geometry": {
    "type": "LineString",
    "coordinates": [
     [
      -122.418609,
      37.800358
     ],
     [
      -122.4189,
      37.802
     ]
    ]
   }
  },
  {
   "type": "Feature",
   "properties": {
    "name": "Leavenworth Street",
    "highway": "residential"
   },
   "geometry": {
    "type": "LineString",
    "coordinates": [
     [
      -122.415553,
      37.791083
     ],
     [
      -122.416641,
      37.797221
     ]
    ]
   }
  },
  {
   "type": "Feature",
   "properties": {
    "name": "Leavenworth Street",
    "highway": "residential"
   },
   "geometry": {
    "type": "LineString",
    "coordinates": [
     [
      -122.416641,
      37.797221
     ],
     [
      -122.417225,
      37.800513
     ]
    ]
   }
  },
  {
   "type": "Feature",
   "properties": {
    "name": "Leavenworth Street",
    "highway": "residential"
   },
   "geometry": {
    "type": "LineString",
    "coordinates": [
     [
      -122.417225,
      37.800513
     ],
     [
      -122.417516,
      37.802154
     ]
    ]
   }
  },
  {
   "type": "Feature",
   "properties": {
    "name": "Jones Street",
    "highway": "residential"
   },
   "geometry": {
    "type": "LineString",
    "coordinates": [
     [
      -122.413276,
      37.786197
     ],
     [
      -122.414169,
      37.791237
     ]
    ]
   }
  },
  {
   "type": "Feature",
   "properties": {
    "name": "Jones Street",
    "highway": "residential"
   },
   "geometry": {
    "type": "LineString",
    "coordinates": [
     [
      -122.414169,
      37.791237
     ],
     [
      -122.415257,
      37.797375
     ]
    ]
   }
  },
  {
   "type": "Feature",
   "properties": {
    "name": "Jones Street",
    "highway": "residential"
   },
   "geometry": {
    "type": "LineString",
    "coordinates": [
     [
      -122.415257,
      37.797375
     ],
     [
      -122.415841,
      37.800667
     ]
    ]
   }
  },
  {
   "type": "Feature",
   "properties": {
    "name": "Jones Street",
    "highway": "residential"
   },
   "geometry": {
    "type": "LineString",
    "coordinates": [
     [
      -122.415841,
      37.800667
     ],
     [
      -122.416132,
      37.802308
     ]
    ]
   }
  },
  {
   "type": "Feature",
   "properties": {
    "name": "Taylor Street",
    "highway": "residential"
   },
   "geometry": {
    "type": "LineString",
    "coordinates": [
     [
      -122.41188,
      37.786352
     ],
     [
      -122.412774,
      37.791393
     ]
    ]
   }
  },
  {
   "type": "Feature",
   "properties": {
    "name": "Taylor Street",
    "highway": "residential"
   },
   "geometry": {
    "type": "LineString",
    "coordinates": [
     [
      -122.412774,
      37.791393
     ],
     [
      -122.413862,
      37.79753
     ]
    ]
   }
  },
  {
   "type": "Feature",
   "properties": {
    "name": "Taylor Street",
    "highway": "residential"
   },
   "geometry": {
    "type": "LineString",
    "coordinates": [
     [
      -122.413862,
      37.79753
     ],
     [
      -122.414445,
      37.800822
     ]
    ]
   }
  },
  {
   "type": "Feature",
   "properties": {
    "name": "Taylor Street",
    "highway": "residential"
   },
   "geometry": {
    "type": "LineString",
    "coordinates": [
     [
      -122.414445,
      37.800822
     ],
     [
      -122.414736,
      37.802464
     ]
    ]
   }
  },
  {
   "type": "Feature",
   "properties": {
    "name": "Mason Street",
    "highway": "residential"
   },
   "geometry": {
    "type": "LineString",
    "coordinates": [
     [
      -122.41139,
      37.791547
     ],
     [
      -122.412478,
      37.797685
     ]
    ]
   }
  },
  {
   "type": "Feature",
   "properties": {
    "name": "Mason Street",
    "highway": "residential"
   },
   "geometry": {
    "type": "LineString",
    "coordinates": [
     [
      -122.412478,
      37.797685
     ],
     [
      -122.413061,
      37.800977
     ]
    ]
   }
  },
  {
   "type": "Feature",
   "properties": {
    "name": "Mason Street",
    "highway": "residential"
   },
   "geometry": {
    "type": "LineString",
    "coordinates": [
     [
      -122.413061,
      37.800977
     ],
     [
      -122.413352,
      37.802618
     ]
    ]
   }
  },
  {
   "type": "Feature",
   "properties": {
    "name": "Powell Street",
    "highway": "residential"
   },
   "geometry": {
    "type": "LineString",
    "coordinates": [
     [
      -122.408496,
      37.783187
     ],
     [
      -122.409112,
      37.78666
     ]
    ]
   }
  },
  {
   "type": "Feature",
   "properties": {
    "name": "Powell Street",
    "highway": "residential"
   },
   "geometry": {
    "type": "LineString",
    "coordinates": [
     [
      -122.409112,
      37.78666
     ],
     [
      -122.410005,
      37.791701
     ]
    ]
   }
  },
  {
   "type": "Feature",
   "properties": {
    "name": "Powell Street",
    "highway": "residential"
   },
   "geometry": {
    "type": "LineString",
    "coordinates": [
     [
      -122.410005,
      37.791701
     ],
     [
      -122.411094,
      37.797839
     ]
    ]
   }
  },
  {
   "type": "Feature",
   "properties": {
    "name": "Powell Street",
    "highway": "residential"
   },
   "geometry": {
    "type": "LineString",
    "coordinates": [
     [
      -122.411094,
      37.797839
     ],
     [
      -122.411386,
      37.799489
     ]
    ]
   }
  },
  {
   "type": "Feature",
   "properties": {
    "name": "Powell Street",
    "highway": "residential"
   },
   "geometry": {
    "type": "LineString",
    "coordinates": [
     [
      -122.411386,
      37.799489
     ],
     [
      -122.411677,
      37.801131
     ]
    ]
   }
  },
  {
   "type": "Feature",
   "properties": {
    "name": "Powell Street",
    "highway": "residential"
   },
   "geometry": {
    "type": "LineString",
    "coordinates": [
     [
      -122.411677,
      37.801131
     ],
     [
      -122.411968,
      37.802772
     ]
    ]
   }
  },
  {
   "type": "Feature",
   "properties": {
    "name": "Stockton Street",
    "highway": "residential"
   },
   "geometry": {
    "type": "LineString",
    "coordinates": [
     [
      -122.407469,
      37.786843
     ],
     [
      -122.408363,
      37.791884
     ]
    ]
   }
  },
  {
   "type": "Feature",
   "properties": {
    "name": "Stockton Street",
    "highway": "residential"
   },
   "geometry": {
    "type": "LineString",
    "coordinates": [
     [
      -122.408363,
      37.791884
     ],
     [
      -122.409451,
      37.798022
     ]
    ]
   }
  },
  {
   "type": "Feature",
   "properties": {
    "name": "Stockton Street",
    "highway": "residential"
   },
   "geometry": {
    "type": "LineString",
    "coordinates": [
     [
      -122.409451,
      37.798022
     ],
     [
      -122.410034,
      37.801314
     ]
    ]
   }
  },
  {
   "type": "Feature",
   "properties": {
    "name": "Grant Avenue",
    "highway": "residential"
   },
   "geometry": {
    "type": "LineString",
    "coordinates": [
     [
      -122.405826,
      37.787027
     ],
     [
      -122.40672,
      37.792067
     ]
    ]
   }
  },
  {
   "type": "Feature",
   "properties": {
    "name": "Grant Avenue",
    "highway": "residential"
   },
   "geometry": {
    "type": "LineString",
    "coordinates": [
     [
      -122.40672,
      37.792067
     ],
     [
      -122.407808,
      37.798205
     ]
    ]
   }
  },
  {
   "type": "Feature",
   "properties": {
    "name": "Grant Avenue",
    "highway": "residential"
   },
   "geometry": {
    "type": "LineString",
    "coordinates": [
     [
      -122.407808,
      37.798205
     ],
     [
      -122.408391,
      37.801497
     ]
    ]
   }
  },
  {
   "type": "Feature",
   "properties": {
    "name": "Kearny Street",
    "highway": "residential"
   },
   "geometry": {
    "type": "LineString",
    "coordinates": [
     [
      -122.404072,
      37.786582
     ],
     [
      -122.404183,
      37.78721
     ]
    ]
   }
  },
  {
   "type": "Feature",
   "properties": {
    "name": "Kearny Street",
    "highway": "residential"
   },
   "geometry": {
    "type": "LineString",
    "coordinates": [
     [
      -122.404183,
      37.78721
     ],
     [
      -122.405077,
      37.79225
     ]
    ]
   }
  },
  {
   "type": "Feature",
   "properties": {
    "name": "Kearny Street",
    "highway": "residential"
   },
   "geometry": {
    "type": "LineString",
    "coordinates": [
     [
      -122.405077,
      37.79225
     ],
     [
      -122.406165,
      37.798388
     ]
    ]
   }
  },
  {
   "type": "Feature",
   "properties": {
    "name": "Kearny Street",
    "highway": "residential"
   },
   "geometry": {
    "type": "LineString",
    "coordinates": [
     [
      -122.406165,
      37.798388
     ],
     [
      -122.406748,
      37.80168
     ]
    ]
   }
  },
  {
   "type": "Feature",
   "properties": {
    "name": "Montgomery Street",
    "highway": "residential"
   },
   "geometry": {
    "type": "LineString",
    "coordinates": [
     [
      -122.402597,
      37.787713
     ],
     [
      -122.403434,
      37.792433
     ]
    ]
   }
  },
  {
   "type": "Feature",
   "properties": {
    "name": "Montgomery Street",
    "highway": "residential"
   },
   "geometry": {
    "type": "LineString",
    "coordinates": [
     [
      -122.403434,
      37.792433
     ],
     [
      -122.404522,
      37.798571
     ]
    ]
   }
  },
  {
   "type": "Feature",
   "properties": {
    "name": "Montgomery Street",
    "highway": "residential"
   },
   "geometry": {
    "type": "LineString",
    "coordinates": [
     [
      -122.404522,
      37.798571
     ],
     [
      -122.405105,
      37.801863
     ]
    ]
   }
  },
  {
   "type": "Feature",
   "properties": {
    "name": "Sansome Street",
    "highway": "residential"
   },
   "geometry": {
    "type": "LineString",
    "coordinates": [
     [
      -122.401122,
      37.788844
     ],
     [
      -122.401791,
      37.792616
     ]
    ]
   }
  },
  {
   "type": "Feature",
   "properties": {
    "name": "Sansome Street",
    "highway": "residential"
   },
   "geometry": {
    "type": "LineString",
    "coordinates": [
     [
      -122.401791,
      37.792616
     ],
     [
      -122.402879,
      37.798754
     ]
    ]
   }
  },
  {
   "type": "Feature",
   "properties": {
    "name": "Sansome Street",
    "highway": "residential"
   },
   "geometry": {
    "type": "LineString",
    "coordinates": [
     [
      -122.402879,
      37.798754
     ],
     [
      -122.403462,
      37.802046
     ]
    ]
   }
  },
  {
   "type": "Feature",
   "properties": {
    "name": "Lombard Street",
    "highway": "residential",
    "oneway": "yes",
    "surface": "sett"
   },
   "geometry": {
    "type": "LineString",
    "coordinates": [
     [
      -122.4189,
      37.802
     ],
     [
      -122.417516,
      37.802154
     ]
    ]
   }
  },
  {
   "type": "Feature",
   "properties": {
    "name": "McAllister Street",
    "highway": "residential"
   },
   "geometry": {
    "type": "LineString",
    "coordinates": [
     [
      -122.443118,
      37.776703
     ],
     [
      -122.44152,
      37.776881
     ]
    ]
   }
  },
  {
   "type": "Feature",
   "properties": {
    "name": "McAllister Street",
    "highway": "residential"
   },
   "geometry": {
    "type": "LineString",
    "coordinates": [
     [
      -122.44152,
      37.776881
     ],
     [
      -122.439922,
      37.777059
     ]
    ]
   }
  },
  {
   "type": "Feature",
   "properties": {
    "name": "Golden Gate Avenue",
    "highway": "residential"
   },
   "geometry": {
    "type": "LineString",
    "coordinates": [
     [
      -122.443296,
      37.777711
     ],
     [
      -122.441698,
      37.77789
     ]
    ]
   }
  },
  {
   "type": "Feature",
   "properties": {
    "name": "Golden Gate Avenue",
    "highway": "residential"
   },
   "geometry": {
    "type": "LineString",
    "coordinates": [
     [
      -122.441698,
      37.77789
     ],
     [
      -122.4401,
      37.778068
     ]
    ]
   }
  },
  {
   "type": "Feature",
   "properties": {
    "name": "Eddy Street",
    "highway": "residential"
   },
   "geometry": {
    "type": "LineString",
    "coordinates": [
     [
      -122.443654,
      37.779728
     ],
     [
      -122.442056,
      37.779906
     ]
    ]
   }
  },
  {
   "type": "Feature",
   "properties": {
    "name": "Eddy Street",
    "highway": "residential"
   },
   "geometry": {
    "type": "LineString",
    "coordinates": [
     [
      -122.442056,
      37.779906
     ],
     [
      -122.440458,
      37.780084
     ]
    ]
   }
  },
  {
   "type": "Feature",
   "properties": {
    "name": "Ellis Street",
    "highway": "residential"
   },
   "geometry": {
    "type": "LineString",
    "coordinates": [
     [
      -122.443832,
      37.780736
     ],
     [
      -122.442234,
      37.780914
     ]
    ]
   }
  },
  {
   "type": "Feature",
   "properties": {
    "name": "Ellis Street",
    "highway": "residential"
   },
   "geometry": {
    "type": "LineString",
    "coordinates": [
     [
      -122.442234,
      37.780914
     ],
     [
      -122.440637,
      37.781092
     ]
    ]
   }
  },
  {
   "type": "Feature",
   "properties": {
    "name": "O'Farrell Street",
    "highway": "residential"
   },
   "geometry": {
    "type": "LineString",
    "coordinates": [
     [
      -122.444011,
      37.781744
     ],
     [
      -122.442413,
      37.781922
     ]
    ]
   }
  },
  {
   "type": "Feature",
   "properties": {
    "name": "O'Farrell Street",
    "highway": "residential"
   },
   "geometry": {
    "type": "LineString",
    "coordinates": [
     [
      -122.442413,
      37.781922
     ],
     [
      -122.440815,
      37.7821
     ]
    ]
   }
  },
  {
   "type": "Feature",
   "properties": {
    "name": "Geary Boulevard",
    "highway": "residential"
   },
   "geometry": {
    "type": "LineString",
    "coordinates": [
     [
      -122.44419,
      37.782752
     ],
     [
      -122.442592,
      37.78293
     ]
    ]
   }
  },
  {
   "type": "Feature",
   "properties": {
    "name": "Geary Boulevard",
    "highway": "residential"
   },
   "geometry": {
    "type": "LineString",
    "coordinates": [
     [
      -122.442592,
      37.78293
     ],
     [
      -122.440994,
      37.783108
     ]
    ]
   }
  },
  {
   "type": "Feature",
   "properties": {
    "name": "Post Street",
    "highway": "residential"
   },
   "geometry": {
    "type": "LineString",
    "coordinates": [
     [
      -122.444369,
      37.78376
     ],
     [
      -122.442771,
      37.783938
     ]
    ]
   }
  },
  {
   "type": "Feature",
   "properties": {
    "name": "Post Street",
    "highway": "residential"
   },
   "geometry": {
    "type": "LineString",
    "coordinates": [
     [
      -122.442771,
      37.783938
     ],
     [
      -122.441173,
      37.784116
     ]
    ]
   }
  },
  {
   "type": "Feature",
   "properties": {
    "name": "Sutter Street",
    "highway": "residential"
   },
   "geometry": {
    "type": "LineString",
    "coordinates": [
     [
      -122.444547,
      37.784768
     ],
     [
      -122.442949,
      37.784946
     ]
    ]
   }
  },
  {
   "type": "Feature",
   "properties": {
    "name": "Sutter Street",
    "highway": "residential"
   },
   "geometry": {
    "type": "LineString",
    "coordinates": [
     [
      -122.442949,
      37.784946
     ],
     [
      -122.441351,
      37.785124
     ]
    ]
   }
  },
  {
   "type": "Feature",
   "properties": {
    "name": "Bush Street",
    "highway": "residential"
   },
   "geometry": {
    "type": "LineString",
    "coordinates": [
     [
      -122.444726,
      37.785776
     ],
     [
      -122.443128,
      37.785954
     ]
    ]
   }
  },
  {
   "type": "Feature",
   "properties": {
    "name": "Bush Street",
    "highway": "residential"
   },
   "geometry": {
    "type": "LineString",
    "coordinates": [
     [
      -122.443128,
      37.785954
     ],
     [
      -122.44153,
      37.786132
     ]
    ]
   }
  },
  {
   "type": "Feature",
   "properties": {
    "name": "Pine Street",
    "highway": "residential"
   },
   "geometry": {
    "type": "LineString",
    "coordinates": [
     [
      -122.444905,
      37.786784
     ],
     [
      -122.443307,
      37.786963
     ]
    ]
   }
  },
  {
   "type": "Feature",
   "properties": {
    "name": "Pine Street",
    "highway": "residential"
   },
   "geometry": {
    "type": "LineString",
    "coordinates": [
     [
      -122.443307,
      37.786963
     ],
     [
      -122.441709,
      37.787141
     ]
    ]
   }
  },
  {
   "type": "Feature",
   "properties": {
    "name": "Baker Street",
    "highway": "residential"
   },
   "geometry": {
    "type": "LineString",
    "coordinates": [
     [
      -122.441341,
      37.775873
     ],
     [
      -122.44152,
      37.776881
     ]
    ]
   }
  },
  {
   "type": "Feature",
   "properties": {
    "name": "Baker Street",
    "highway": "residential"
   },
   "geometry": {
    "type": "LineString",
    "coordinates": [
     [
      -122.44152,
      37.776881
     ],
     [
      -122.441698,
      37.77789
     ]
    ]
   }
  },
  {
   "type": "Feature",
   "properties": {
    "name": "Baker Street",
    "highway": "residential"
   },
   "geometry": {
    "type": "LineString",
    "coordinates": [
     [
      -122.441698,
      37.77789
     ],
     [
      -122.442056,
      37.779906
     ]
    ]
   }
  },
  {
   "type": "Feature",
   "properties": {
    "name": "Baker Street",
    "highway": "residential"
   },
   "geometry": {
    "type": "LineString",
    "coordinates": [
     [
      -122.442056,
      37.779906
     ],
     [
      -122.442234,
      37.780914
     ]
    ]
   }
  },
  {
   "type": "Feature",
   "properties": {
    "name": "Baker Street",
    "highway": "residential"
   },
   "geometry": {
    "type": "LineString",
    "coordinates": [
     [
      -122.442234,
      37.780914
     ],
     [
      -122.442413,
      37.781922
     ]
    ]
   }
  },
  {
   "type": "Feature",
   "properties": {
    "name": "Baker Street",
    "highway": "residential"
   },
   "geometry": {
    "type": "LineString",
    "coordinates": [
     [
      -122.442413,
      37.781922
     ],
     [
      -122.442592,
      37.78293
     ]
    ]
   }
  },
  {
   "type": "Feature",
   "properties": {
    "name": "Baker Street",
    "highway": "residential"
   },
   "geometry": {
    "type": "LineString",
    "coordinates": [
     [
      -122.442592,
      37.78293
     ],
     [
      -122.442771,
      37.783938
     ]
    ]
   }
  },
  {
   "type": "Feature",
   "properties": {
    "name": "Baker Street",
    "highway": "residential"
   },
   "geometry": {
    "type": "LineString",
    "coordinates": [
     [
      -122.442771,
      37.783938
     ],
     [
      -122.442949,
      37.784946
     ]
    ]
   }
  },
  {
   "type": "Feature",
   "properties": {
    "name": "Baker Street",
    "highway": "residential"
   },
   "geometry": {
    "type": "LineString",
    "coordinates": [
     [
      -122.442949,
      37.784946
     ],
     [
      -122.443128,
      37.785954
     ]
    ]
   }
  },
  {
   "type": "Feature",
   "properties": {
    "name": "Baker Street",
    "highway": "residential"
   },
   "geometry": {
    "type": "LineString",
    "coordinates": [
     [
      -122.443128,
      37.785954
     ],
     [
      -122.443307,
      37.786963
     ]
    ]
   }
  },
  {
   "type": "Feature",
   "properties": {
    "name": "Baker Street",
    "highway": "residential"
   },
   "geometry": {
    "type": "LineString",
    "coordinates": [
     [
      -122.443307,
      37.786963
     ],
     [
      -122.443485,
      37.787971
     ]
    ]
   }
  },
  {
   "type": "Feature",
   "properties": {
    "name": "Baker Street",
    "highway": "residential"
   },
   "geometry": {
    "type": "LineString",
    "coordinates": [
     [
      -122.443485,
      37.787971
     ],
     [
      -122.444574,
      37.794109
     ]
    ]
   }
  },
  {
   "type": "Feature",
   "properties": {
    "name": "Broderick Street",
    "highway": "residential"
   },
   "geometry": {
    "type": "LineString",
    "coordinates": [
     [
      -122.439743,
      37.776051
     ],
     [
      -122.439922,
      37.777059
     ]
    ]
   }
  },
  {
   "type": "Feature",
   "properties": {
    "name": "Broderick Street",
    "highway": "residential"
   },
   "geometry": {
    "type": "LineString",
    "coordinates": [
     [
      -122.439922,
      37.777059
     ],
     [
      -122.4401,
      37.778068
     ]
    ]
   }
  },
  {
   "type": "Feature",
   "properties": {
    "name": "Broderick Street",
    "highway": "residential"
   },
   "geometry": {
    "type": "LineString",
    "coordinates": [
     [
      -122.4401,
      37.778068
     ],
     [
      -122.440458,
      37.780084
     ]
    ]
   }
  },
  {
   "type": "Feature",
   "properties": {
    "name": "Broderick Street",
    "highway": "residential"
   },
   "geometry": {
    "type": "LineString",
    "coordinates": [
     [
      -122.440458,
      37.780084
     ],
     [
      -122.440637,
      37.781092
     ]
    ]
   }
  },
  {
   "type": "Feature",
   "properties": {
    "name": "Broderick Street",
    "highway": "residential"
   },
   "geometry": {
    "type": "LineString",
    "coordinates": [
     [
      -122.440637,
      37.781092
     ],
     [
      -122.440815,
      37.7821
     ]
    ]
   }
  },
  {
   "type": "Feature",
   "properties": {
    "name": "Broderick Street",
    "highway": "residential"
   },
   "geometry": {
    "type": "LineString",
    "coordinates": [
     [
      -122.440815,
      37.7821
     ],
     [
      -122.440994,
      37.783108
     ]
    ]
   }
  },
  {
   "type": "Feature",
   "properties": {
    "name": "Broderick Street",
    "highway": "residential"
   },
   "geometry": {
    "type": "LineString",
    "coordinates": [
     [
      -122.440994,
      37.783108
     ],
     [
      -122.441173,
      37.784116
     ]
    ]
   }
  },
  {
   "type": "Feature",
   "properties": {
    "name": "Broderick Street",
    "highway": "residential"
   },
   "geometry": {
    "type": "LineString",
    "coordinates": [
     [
      -122.441173,
      37.784116
     ],
     [
      -122.441351,
      37.785124
     ]
    ]
   }
  },
  {
   "type": "Feature",
   "properties": {
    "name": "Broderick Street",
    "highway": "residential"
   },
   "geometry": {
    "type": "LineString",
    "coordinates": [
     [
      -122.441351,
      37.785124
     ],
     [
      -122.44153,
      37.786132
     ]
    ]
   }
  },
  {
   "type": "Feature",
   "properties": {
    "name": "Broderick Street",
    "highway": "residential"
   },
   "geometry": {
    "type": "LineString",
    "coordinates": [
     [
      -122.44153,
      37.786132
     ],
     [
      -122.441709,
      37.787141
     ]
    ]
   }
  },
  {
   "type": "Feature",
   "properties": {
    "name": "Broderick Street",
    "highway": "residential"
   },
   "geometry": {
    "type": "LineString",
    "coordinates": [
     [
      -122.441709,
      37.787141
     ],
     [
      -122.441888,
      37.788149
     ]
    ]
   }
  },
  {
   "type": "Feature",
   "properties": {
    "name": "Baker Street Steps",
    "highway": "steps",
    "surface": "concrete",
    "bicycle": "no"
   },
   "geometry": {
    "type": "LineString",
    "coordinates": [
     [
      -122.444574,
      37.794109
     ],
     [
      -122.444721,
      37.794938
     ]
    ]
   }
  },
  {
   "type": "Feature",
   "properties": {
    "name": "Lyon Street",
    "highway": "residential"
   },
   "geometry": {
    "type": "LineString",
    "coordinates": [
     [
      -122.442939,
      37.775695
     ],
     [
      -122.443118,
      37.776703
     ]
    ]
   }
  },
  {
   "type": "Feature",
   "properties": {
    "name": "Lyon Street",
    "highway": "residential"
   },
   "geometry": {
    "type": "LineString",
    "coordinates": [
     [
      -122.443118,
      37.776703
     ],
     [
      -122.443296,
      37.777711
     ]
    ]
   }
  },
  {
   "type": "Feature",
   "properties": {
    "name": "Lyon Street",
    "highway": "residential"
   },
   "geometry": {
    "type": "LineString",
    "coordinates": [
     [
      -122.443296,
      37.777711
     ],
     [
      -122.443654,
      37.779728
     ]
    ]
   }
  },
  {
   "type": "Feature",
   "properties": {
    "name": "Lyon Street",
    "highway": "residential"
   },
   "geometry": {
    "type": "LineString",
    "coordinates": [
     [
      -122.443654,
      37.779728
     ],
     [
      -122.443832,
      37.780736
     ]
    ]
   }
  },
  {
   "type": "Feature",
   "properties": {
    "name": "Lyon Street",
    "highway": "residential"
   },
   "geometry": {
    "type": "LineString",
    "coordinates": [
     [
      -122.443832,
      37.780736
     ],
     [
      -122.444011,
      37.781744
     ]
    ]
   }
  },
  {
   "type": "Feature",
   "properties": {
    "name": "Lyon Street",
    "highway": "residential"
   },
   "geometry": {
    "type": "LineString",
    "coordinates": [
     [
      -122.444011,
      37.781744
     ],
     [
      -122.44419,
      37.782752
     ]
    ]
   }
  },
  {
   "type": "Feature",
   "properties": {
    "name": "Lyon Street",
    "highway": "residential"
   },
   "geometry": {
    "type": "LineString",
    "coordinates": [
     [
      -122.44419,
      37.782752
     ],
     [
      -122.444369,
      37.78376
     ]
    ]
   }
  },
  {
   "type": "Feature",
   "properties": {
    "name": "Lyon Street",
    "highway": "residential"
   },
   "geometry": {
    "type": "LineString",
    "coordinates": [
     [
      -122.444369,
      37.78376
     ],
     [
      -122.444547,
      37.784768
     ]
    ]
   }
  },
  {
   "type": "Feature",
   "properties": {
    "name": "Lyon Street",
    "highway": "residential"
   },
   "geometry": {
    "type": "LineString",
    "coordinates": [
     [
      -122.444547,
      37.784768
     ],
     [
      -122.444726,
      37.785776
     ]
    ]
   }
  },
  {
   "type": "Feature",
   "properties": {
    "name": "Lyon Street",
    "highway": "residential"
   },
   "geometry": {
    "type": "LineString",
    "coordinates": [
     [
      -122.444726,
      37.785776
     ],
     [
      -122.444905,
      37.786784
     ]
    ]
   }
  },
  {
   "type": "Feature",
   "properties": {
    "name": "Lyon Street",
    "highway": "residential"
   },
   "geometry": {
    "type": "LineString",
    "coordinates": [
     [
      -122.444905,
      37.786784
     ],
     [
      -122.445083,
      37.787793
     ]
    ]
   }
  },
  {
   "type": "Feature",
   "properties": {
    "name": "Lyon Street",
    "highway": "residential"
   },
   "geometry": {
    "type": "LineString",
    "coordinates": [
     [
      -122.445083,
      37.787793
     ],
     [
      -122.446171,
      37.79393
     ]
    ]
   }
  },
  {
   "type": "Feature",
   "properties": {
    "name": "Lyon Street Steps",
    "highway": "steps",
    "surface": "concrete",
    "bicycle": "no"
   },
   "geometry": {
    "type": "LineString",
    "coordinates": [
     [
      -122.446171,
      37.79393
     ],
     [
      -122.446464,
      37.795581
     ]
    ]
   }
  },
  {
   "type": "Feature",
   "properties": {
    "name": "Filbert Steps",
    "highway": "steps",
    "surface": "concrete",
    "bicycle": "no"
   },
   "geometry": {
    "type": "LineString",
    "coordinates": [
     [
      -122.403462,
      37.802046
     ],
     [
      -122.405105,
      37.801863
     ]
    ]
   }
  },
  {
   "type": "Feature",
   "properties": {
    "name": "Telegraph Hill Boulevard",
    "highway": "tertiary"
   },
   "geometry": {
    "type": "LineString",
    "coordinates": [
     [
      -122.406748,
      37.80168
     ],
     [
      -122.4066,
      37.8033
     ]
    ]
   }
  },
  {
   "type": "Feature",
   "properties": {
    "name": "Telegraph Hill Boulevard",
    "highway": "tertiary"
   },
   "geometry": {
    "type": "LineString",
    "coordinates": [
     [
      -122.4066,
      37.8033
     ],
     [
      -122.4058,
      37.8024
     ]
    ]
   }
  },
  {
   "type": "Feature",
   "properties": {
    "name": "Greenwich Steps",
    "highway": "steps",
    "surface": "concrete",
    "bicycle": "no"
   },
   "geometry": {
    "type": "LineString",
    "coordinates": [
     [
      -122.4058,
      37.8024
     ],
     [
      -122.402,
      37.8036
     ]
    ]
   }
  },
  {
   "type": "Feature",
   "properties": {
    "name": "Greenwich Street",
    "highway": "residential"
   },
   "geometry": {
    "type": "LineString",
    "coordinates": [
     [
      -122.402,
      37.8036
     ],
     [
      -122.403462,
      37.802046
     ]
    ]
   }
  },
  {
   "type": "Feature",
   "properties": {
    "name": "Central Freeway On-Ramp",
    "highway": "motorway_link",
    "bicycle": "no",
    "access": "no",
    "oneway": "yes"
   },
   "geometry": {
    "type": "LineString",
    "coordinates": [
     [
      -122.424236,
      37.771111
     ],
     [
      -122.4236,
      37.77
     ]
    ]
   }
  },
  {
   "type": "Feature",
   "properties": {
    "name": "Central Freeway On-Ramp",
    "highway": "motorway_link",
    "bicycle": "no",
    "access": "no",
    "oneway": "yes"
   },
   "geometry": {
    "type": "LineString",
    "coordinates": [
     [
      -122.4236,
      37.77
     ],
     [
      -122.4228,
      37.7686
     ]
    ]
   }
  },
  {
   "type": "Feature",
   "properties": {
    "name": "14th Street",
    "highway": "residential"
   },
   "geometry": {
    "type": "LineString",
    "coordinates": [
     [
      -122.435885,
      37.767486
     ],
     [
      -122.433867,
      37.767587
     ]
    ]
   }
  },
  {
   "type": "Feature",
   "properties": {
    "name": "14th Street",
    "highway": "residential"
   },
   "geometry": {
    "type": "LineString",
    "coordinates": [
     [
      -122.433867,
      37.767587
     ],
     [
      -122.431349,
      37.767713
     ]
    ]
   }
  },
  {
   "type": "Feature",
   "properties": {
    "name": "14th Street",
    "highway": "residential"
   },
   "geometry": {
    "type": "LineString",
    "coordinates": [
     [
      -122.431349,
      37.767713
     ],
     [
      -122.429194,
      37.76782
     ]
    ]
   }
  },
  {
   "type": "Feature",
   "properties": {
    "name": "14th Street",
    "highway": "residential"
   },
   "geometry": {
    "type": "LineString",
    "coordinates": [
     [
      -122.429194,
      37.76782
     ],
     [
      -122.42848,
      37.767856
     ]
    ]
   }
  },
  {
   "type": "Feature",
   "properties": {
    "name": "14th Street",
    "highway": "residential"
   },
   "geometry": {
    "type": "LineString",
    "coordinates": [
     [
      -122.42848,
      37.767856
     ],
     [
      -122.427221,
      37.767918
     ]
    ]
   }
  },
  {
   "type": "Feature",
   "properties": {
    "name": "14th Street",
    "highway": "residential"
   },
   "geometry": {
    "type": "LineString",
    "coordinates": [
     [
      -122.427221,
      37.767918
     ],
     [
      -122.424726,
      37.768043
     ]
    ]
   }
  },
  {
   "type": "Feature",
   "properties": {
    "name": "14th Street",
    "highway": "residential"
   },
   "geometry": {
    "type": "LineString",
    "coordinates": [
     [
      -122.424726,
      37.768043
     ],
     [
      -122.421856,
      37.768186
     ]
    ]
   }
  },
  {
   "type": "Feature",
   "properties": {
    "name": "14th Street",
    "highway": "residential"
   },
   "geometry": {
    "type": "LineString",
    "coordinates": [
     [
      -122.421856,
      37.768186
     ],
     [
      -122.419554,
      37.768301
     ]
    ]
   }
  },
  {
   "type": "Feature",
   "properties": {
    "name": "14th Street",
    "highway": "residential"
   },
   "geometry": {
    "type": "LineString",
    "coordinates": [
     [
      -122.419554,
      37.768301
     ],
     [
      -122.416855,
      37.768436
     ]
    ]
   }
  },
  {
   "type": "Feature",
   "properties": {
    "name": "14th Street",
    "highway": "residential"
   },
   "geometry": {
    "type": "LineString",
    "coordinates": [
     [
      -122.416855,
      37.768436
     ],
     [
      -122.413657,
      37.768595
     ]
    ]
   }
  },
  {
   "type": "Feature",
   "properties": {
    "name": "14th Street",
    "highway": "residential"
   },
   "geometry": {
    "type": "LineString",
    "coordinates": [
     [
      -122.413657,
      37.768595
     ],
     [
      -122.41225,
      37.768665
     ]
    ]
   }
  },
  {
   "type": "Feature",
   "properties": {
    "name": "14th Street",
    "highway": "residential"
   },
   "geometry": {
    "type": "LineString",
    "coordinates": [
     [
      -122.41225,
      37.768665
     ],
     [
      -122.409755,
      37.76879
     ]
    ]
   }
  },
  {
   "type": "Feature",
   "properties": {
    "name": "14th Street",
    "highway": "residential"
   },
   "geometry": {
    "type": "LineString",
    "coordinates": [
     [
      -122.409755,
      37.76879
     ],
     [
      -122.407646,
      37.768895
     ]
    ]
   }
  },
  {
   "type": "Feature",
   "properties": {
    "name": "16th Street",
    "highway": "secondary",
    "bicycle": "yes"
   },
   "geometry": {
    "type": "LineString",
    "coordinates": [
     [
      -122.435631,
      37.764285
     ],
     [
      -122.433613,
      37.764386
     ]
    ]
   }
  },
  {
   "type": "Feature",
   "properties": {
    "name": "16th Street",
    "highway": "secondary",
    "bicycle": "yes"
   },
   "geometry": {
    "type": "LineString",
    "coordinates": [
     [
      -122.433613,
      37.764386
     ],
     [
      -122.431095,
      37.764512
     ]
    ]
   }
  },
  {
   "type": "Feature",
   "properties": {
    "name": "16th Street",
    "highway": "secondary",
    "bicycle": "yes"
   },
   "geometry": {
    "type": "LineString",
    "coordinates": [
     [
      -122.431095,
      37.764512
     ],
     [
      -122.42894,
      37.764619
     ]
    ]
   }
  },
  {
   "type": "Feature",
   "properties": {
    "name": "16th Street",
    "highway": "secondary",
    "bicycle": "yes"
   },
   "geometry": {
    "type": "LineString",
    "coordinates": [
     [
      -122.42894,
      37.764619
     ],
     [
      -122.426967,
      37.764718
     ]
    ]
   }
  },
  {
   "type": "Feature",
   "properties": {
    "name": "16th Street",
    "highway": "secondary",
    "bicycle": "yes"
   },
   "geometry": {
    "type": "LineString",
    "coordinates": [
     [
      -122.426967,
      37.764718
     ],
     [
      -122.424472,
      37.764842
     ]
    ]
   }
  },
  {
   "type": "Feature",
   "properties": {
    "name": "16th Street",
    "highway": "secondary",
    "bicycle": "yes"
   },
   "geometry": {
    "type": "LineString",
    "coordinates": [
     [
      -122.424472,
      37.764842
     ],
     [
      -122.421602,
      37.764985
     ]
    ]
   }
  },
  {
   "type": "Feature",
   "properties": {
    "name": "16th Street",
    "highway": "secondary",
    "bicycle": "yes"
   },
   "geometry": {
    "type": "LineString",
    "coordinates": [
     [
      -122.421602,
      37.764985
     ],
     [
      -122.4193,
      37.7651
     ]
    ]
   }
  },
  {
   "type": "Feature",
   "properties": {
    "name": "16th Street",
    "highway": "secondary",
    "bicycle": "yes"
   },
   "geometry": {
    "type": "LineString",
    "coordinates": [
     [
      -122.4193,
      37.7651
     ],
     [
      -122.418098,
      37.76516
     ]
    ]
   }
  },
  {
   "type": "Feature",
   "properties": {
    "name": "16th Street",
    "highway": "secondary",
    "bicycle": "yes"
   },
   "geometry": {
    "type": "LineString",
    "coordinates": [
     [
      -122.418098,
      37.76516
     ],
     [
      -122.416601,
      37.765235
     ]
    ]
   }
  },
  {
   "type": "Feature",
   "properties": {
    "name": "16th Street",
    "highway": "secondary",
    "bicycle": "yes"
   },
   "geometry": {
    "type": "LineString",
    "coordinates": [
     [
      -122.416601,
      37.765235
     ],
     [
      -122.413403,
      37.765394
     ]
    ]
   }
  },
  {
   "type": "Feature",
   "properties": {
    "name": "16th Street",
    "highway": "secondary",
    "bicycle": "yes"
   },
   "geometry": {
    "type": "LineString",
    "coordinates": [
     [
      -122.413403,
      37.765394
     ],
     [
      -122.411996,
      37.765464
     ]
    ]
   }
  },
  {
   "type": "Feature",
   "properties": {
    "name": "16th Street",
    "highway": "secondary",
    "bicycle": "yes"
   },
   "geometry": {
    "type": "LineString",
    "coordinates": [
     [
      -122.411996,
      37.765464
     ],
     [
      -122.409501,
      37.765589
     ]
    ]
   }
  },
  {
   "type": "Feature",
   "properties": {
    "name": "16th Street",
    "highway": "secondary",
    "bicycle": "yes"
   },
   "geometry": {
    "type": "LineString",
    "coordinates": [
     [
      -122.409501,
      37.765589
     ],
     [
      -122.407392,
      37.765694
     ]
    ]
   }
  },
  {
   "type": "Feature",
   "properties": {
    "name": "16th Street",
    "highway": "secondary",
    "bicycle": "yes"
   },
   "geometry": {
    "type": "LineString",
    "coordinates": [
     [
      -122.407392,
      37.765694
     ],
     [
      -122.406201,
      37.765753
     ]
    ]
   }
  },
  {
   "type": "Feature",
   "properties": {
    "name": "16th Street",
    "highway": "secondary",
    "bicycle": "yes"
   },
   "geometry": {
    "type": "LineString",
    "coordinates": [
     [
      -122.406201,
      37.765753
     ],
     [
      -122.403819,
      37.765872
     ]
    ]
   }
  },
  {
   "type": "Feature",
   "properties": {
    "name": "16th Street",
    "highway": "secondary",
    "bicycle": "yes"
   },
   "geometry": {
    "type": "LineString",
    "coordinates": [
     [
      -122.403819,
      37.765872
     ],
     [
      -122.402628,
      37.765932
     ]
    ]
   }
  },
  {
   "type": "Feature",
   "properties": {
    "name": "16th Street",
    "highway": "secondary",
    "bicycle": "yes"
   },
   "geometry": {
    "type": "LineString",
    "coordinates": [
     [
      -122.402628,
      37.765932
     ],
     [
      -122.400247,
      37.76605
     ]
    ]
   }
  },
  {
   "type": "Feature",
   "properties": {
    "name": "16th Street",
    "highway": "secondary",
    "bicycle": "yes"
   },
   "geometry": {
    "type": "LineString",
    "coordinates": [
     [
      -122.400247,
      37.76605
     ],
     [
      -122.397865,
      37.766169
     ]
    ]
   }
  },
  {
   "type": "Feature",
   "properties": {
    "name": "16th Street",
    "highway": "secondary",
    "bicycle": "yes"
   },
   "geometry": {
    "type": "LineString",
    "coordinates": [
     [
      -122.397865,
      37.766169
     ],
     [
      -122.396674,
      37.766229
     ]
    ]
   }
  },
  {
   "type": "Feature",
   "properties": {
    "name": "16th Street",
    "highway": "secondary",
    "bicycle": "yes"
   },
   "geometry": {
    "type": "LineString",
    "coordinates": [
     [
      -122.396674,
      37.766229
     ],
     [
      -122.394293,
      37.766347
     ]
    ]
   }
  },
  {
   "type": "Feature",
   "properties": {
    "name": "16th Street",
    "highway": "secondary",
    "bicycle": "yes"
   },
   "geometry": {
    "type": "LineString",
    "coordinates": [
     [
      -122.394293,
      37.766347
     ],
     [
      -122.393102,
      37.766407
     ]
    ]
   }
  },
  {
   "type": "Feature",
   "properties": {
    "name": "16th Street",
    "highway": "secondary",
    "bicycle": "yes"
   },
   "geometry": {
    "type": "LineString",
    "coordinates": [
     [
      -122.393102,
      37.766407
     ],
     [
      -122.391911,
      37.766466
     ]
    ]
   }
  },
  {
   "type": "Feature",
   "properties": {
    "name": "16th Street",
    "highway": "secondary",
    "bicycle": "yes"
   },
   "geometry": {
    "type": "LineString",
    "coordinates": [
     [
      -122.391911,
      37.766466
     ],
     [
      -122.39072,
      37.766526
     ]
    ]
   }
  },
  {
   "type": "Feature",
   "properties": {
    "name": "16th Street",
    "highway": "secondary",
    "bicycle": "yes"
   },
   "geometry": {
    "type": "LineString",
    "coordinates": [
     [
      -122.39072,
      37.766526
     ],
     [
      -122.388338,
      37.766644
     ]
    ]
   }
  },
  {
   "type": "Feature",
   "properties": {
    "name": "17th Street",
    "highway": "residential"
   },
   "geometry": {
    "type": "LineString",
    "coordinates": [
     [
      -122.435504,
      37.762685
     ],
     [
      -122.433486,
      37.762786
     ]
    ]
   }
  },
  {
   "type": "Feature",
   "properties": {
    "name": "17th Street",
    "highway": "residential"
   },
   "geometry": {
    "type": "LineString",
    "coordinates": [
     [
      -122.433486,
      37.762786
     ],
     [
      -122.430968,
      37.762911
     ]
    ]
   }
  },
  {
   "type": "Feature",
   "properties": {
    "name": "17th Street",
    "highway": "residential"
   },
   "geometry": {
    "type": "LineString",
    "coordinates": [
     [
      -122.430968,
      37.762911
     ],
     [
      -122.428813,
      37.763019
     ]
    ]
   }
  },
  {
   "type": "Feature",
   "properties": {
    "name": "17th Street",
    "highway": "residential"
   },
   "geometry": {
    "type": "LineString",
    "coordinates": [
     [
      -122.428813,
      37.763019
     ],
     [
      -122.42684,
      37.763117
     ]
    ]
   }
  },
  {
   "type": "Feature",
   "properties": {
    "name": "17th Street",
    "highway": "residential"
   },
   "geometry": {
    "type": "LineString",
    "coordinates": [
     [
      -122.42684,
      37.763117
     ],
     [
      -122.424345,
      37.763242
     ]
    ]
   }
  },
  {
   "type": "Feature",
   "properties": {
    "name": "17th Street",
    "highway": "residential"
   },
   "geometry": {
    "type": "LineString",
    "coordinates": [
     [
      -122.424345,
      37.763242
     ],
     [
      -122.421475,
      37.763385
     ]
    ]
   }
  },
  {
   "type": "Feature",
   "properties": {
    "name": "17th Street",
    "highway": "residential"
   },
   "geometry": {
    "type": "LineString",
    "coordinates": [
     [
      -122.421475,
      37.763385
     ],
     [
      -122.419173,
      37.7635
     ]
    ]
   }
  },
  {
   "type": "Feature",
   "properties": {
    "name": "17th Street",
    "highway": "residential"
   },
   "geometry": {
    "type": "LineString",
    "coordinates": [
     [
      -122.419173,
      37.7635
     ],
     [
      -122.416474,
      37.763634
     ]
    ]
   }
  },
  {
   "type": "Feature",
   "properties": {
    "name": "17th Street",
    "highway": "residential"
   },
   "geometry": {
    "type": "LineString",
    "coordinates": [
     [
      -122.416474,
      37.763634
     ],
     [
      -122.413276,
      37.763794
     ]
    ]
   }
  },
  {
   "type": "Feature",
   "properties": {
    "name": "17th Street",
    "highway": "residential"
   },
   "geometry": {
    "type": "LineString",
    "coordinates": [
     [
      -122.413276,
      37.763794
     ],
     [
      -122.411869,
      37.763864
     ]
    ]
   }
  },
  {
   "type": "Feature",
   "properties": {
    "name": "17th Street",
    "highway": "residential"
   },
   "geometry": {
    "type": "LineString",
    "coordinates": [
     [
      -122.411869,
      37.763864
     ],
     [
      -122.409374,
      37.763988
     ]
    ]
   }
  },
  {
   "type": "Feature",
   "properties": {
    "name": "17th Street",
    "highway": "residential"
   },
   "geometry": {
    "type": "LineString",
    "coordinates": [
     [
      -122.409374,
      37.763988
     ],
     [
      -122.407265,
      37.764094
     ]
    ]
   }
  },
  {
   "type": "Feature",
   "properties": {
    "name": "18th Street",
    "highway": "residential"
   },
   "geometry": {
    "type": "LineString",
    "coordinates": [
     [
      -122.435377,
      37.761085
     ],
     [
      -122.433359,
      37.761185
     ]
    ]
   }
  },
  {
   "type": "Feature",
   "properties": {
    "name": "18th Street",
    "highway": "residential"
   },
   "geometry": {
    "type": "LineString",
    "coordinates": [
     [
      -122.433359,
      37.761185
     ],
     [
      -122.430841,
      37.761311
     ]
    ]
   }
  },
  {
   "type": "Feature",
   "properties": {
    "name": "18th Street",
    "highway": "residential"
   },
   "geometry": {
    "type": "LineString",
    "coordinates": [
     [
      -122.430841,
      37.761311
     ],
     [
      -122.428686,
      37.761418
     ]
    ]
   }
  },
  {
   "type": "Feature",
   "properties": {
    "name": "18th Street",
    "highway": "residential"
   },
   "geometry": {
    "type": "LineString",
    "coordinates": [
     [
      -122.428686,
      37.761418
     ],
     [
      -122.426713,
      37.761517
     ]
    ]
   }
  },
  {
   "type": "Feature",
   "properties": {
    "name": "18th Street",
    "highway": "residential"
   },
   "geometry": {
    "type": "LineString",
    "coordinates": [
     [
      -122.426713,
      37.761517
     ],
     [
      -122.424218,
      37.761641
     ]
    ]
   }
  },
  {
   "type": "Feature",
   "properties": {
    "name": "18th Street",
    "highway": "residential"
   },
   "geometry": {
    "type": "LineString",
    "coordinates": [
     [
      -122.424218,
      37.761641
     ],
     [
      -122.421348,
      37.761784
     ]
    ]
   }
  },
  {
   "type": "Feature",
   "properties": {
    "name": "18th Street",
    "highway": "residential"
   },
   "geometry": {
    "type": "LineString",
    "coordinates": [
     [
      -122.421348,
      37.761784
     ],
     [
      -122.419046,
      37.761899
     ]
    ]
   }
  },
  {
   "type": "Feature",
   "properties": {
    "name": "18th Street",
    "highway": "residential"
   },
   "geometry": {
    "type": "LineString",
    "coordinates": [
     [
      -122.419046,
      37.761899
     ],
     [
      -122.416347,
      37.762034
     ]
    ]
   }
  },
  {
   "type": "Feature",
   "properties": {
    "name": "18th Street",
    "highway": "residential"
   },
   "geometry": {
    "type": "LineString",
    "coordinates": [
     [
      -122.416347,
      37.762034
     ],
     [
      -122.413149,
      37.762193
     ]
    ]
   }
  },
  {
   "type": "Feature",
   "properties": {
    "name": "18th Street",
    "highway": "residential"
   },
   "geometry": {
    "type": "LineString",
    "coordinates": [
     [
      -122.413149,
      37.762193
     ],
     [
      -122.411742,
      37.762263
     ]
    ]
   }
  },
  {
   "type": "Feature",
   "properties": {
    "name": "18th Street",
    "highway": "residential"
   },
   "geometry": {
    "type": "LineString",
    "coordinates": [
     [
      -122.411742,
      37.762263
     ],
     [
      -122.409247,
      37.762388
     ]
    ]
   }
  },
  {
   "type": "Feature",
   "properties": {
    "name": "18th Street",
    "highway": "residential"
   },
   "geometry": {
    "type": "LineString",
    "coordinates": [
     [
      -122.409247,
      37.762388
     ],
     [
      -122.407138,
      37.762493
     ]
    ]
   }
  },
  {
   "type": "Feature",
   "properties": {
    "name": "18th Street",
    "highway": "residential"
   },
   "geometry": {
    "type": "LineString",
    "coordinates": [
     [
      -122.407138,
      37.762493
     ],
     [
      -122.405947,
      37.762552
     ]
    ]
   }
  },
  {
   "type": "Feature",
   "properties": {
    "name": "18th Street",
    "highway": "residential"
   },
   "geometry": {
    "type": "LineString",
    "coordinates": [
     [
      -122.405947,
      37.762552
     ],
     [
      -122.403565,
      37.762671
     ]
    ]
   }
  },
  {
   "type": "Feature",
   "properties": {
    "name": "18th Street",
    "highway": "residential"
   },
   "geometry": {
    "type": "LineString",
    "coordinates": [
     [
      -122.403565,
      37.762671
     ],
     [
      -122.402374,
      37.762731
     ]
    ]
   }
  },
  {
   "type": "Feature",
   "properties": {
    "name": "18th Street",
    "highway": "residential"
   },
   "geometry": {
    "type": "LineString",
    "coordinates": [
     [
      -122.402374,
      37.762731
     ],
     [
      -122.399993,
      37.762849
     ]
    ]
   }
  },
  {
   "type": "Feature",
   "properties": {
    "name": "18th Street",
    "highway": "residential"
   },
   "geometry": {
    "type": "LineString",
    "coordinates": [
     [
      -122.399993,
      37.762849
     ],
     [
      -122.397611,
      37.762968
     ]
    ]
   }
  },
  {
   "type": "Feature",
   "properties": {
    "name": "18th Street",
    "highway": "residential"
   },
   "geometry": {
    "type": "LineString",
    "coordinates": [
     [
      -122.397611,
      37.762968
     ],
     [
      -122.39642,
      37.763028
     ]
    ]
   }
  },
  {
   "type": "Feature",
   "properties": {
    "name": "18th Street",
    "highway": "residential"
   },
   "geometry": {
    "type": "LineString",
    "coordinates": [
     [
      -122.39642,
      37.763028
     ],
     [
      -122.394039,
      37.763146
     ]
    ]
   }
  },
  {
   "type": "Feature",
   "properties": {
    "name": "18th Street",
    "highway": "residential"
   },
   "geometry": {
    "type": "LineString",
    "coordinates": [
     [
      -122.394039,
      37.763146
     ],
     [
      -122.392848,
      37.763206
     ]
    ]
   }
  },
  {
   "type": "Feature",
   "properties": {
    "name": "18th Street",
    "highway": "residential"
   },
   "geometry": {
    "type": "LineString",
    "coordinates": [
     [
      -122.392848,
      37.763206
     ],
     [
      -122.391657,
      37.763265
     ]
    ]
   }
  },
  {
   "type": "Feature",
   "properties": {
    "name": "18th Street",
    "highway": "residential"
   },
   "geometry": {
    "type": "LineString",
    "coordinates": [
     [
      -122.391657,
      37.763265
     ],
     [
      -122.390466,
      37.763325
     ]
    ]
   }
  },
  {
   "type": "Feature",
   "properties": {
    "name": "18th Street",
    "highway": "residential"
   },
   "geometry": {
    "type": "LineString",
    "coordinates": [
     [
      -122.390466,
      37.763325
     ],
     [
      -122.388084,
      37.763443
     ]
    ]
   }
  },
  {
   "type": "Feature",
   "properties": {
    "name": "19th Street",
    "highway": "residential"
   },
   "geometry": {
    "type": "LineString",
    "coordinates": [
     [
      -122.43525,
      37.759484
     ],
     [
      -122.433232,
      37.759585
     ]
    ]
   }
  },
  {
   "type": "Feature",
   "properties": {
    "name": "19th Street",
    "highway": "residential"
   },
   "geometry": {
    "type": "LineString",
    "coordinates": [
     [
      -122.433232,
      37.759585
     ],
     [
      -122.430714,
      37.75971
     ]
    ]
   }
  },
  {
   "type": "Feature",
   "properties": {
    "name": "19th Street",
    "highway": "residential"
   },
   "geometry": {
    "type": "LineString",
    "coordinates": [
     [
      -122.430714,
      37.75971
     ],
     [
      -122.428559,
      37.759818
     ]
    ]
   }
  },
  {
   "type": "Feature",
   "properties": {
    "name": "19th Street",
    "highway": "residential"
   },
   "geometry": {
    "type": "LineString",
    "coordinates": [
     [
      -122.428559,
      37.759818
     ],
     [
      -122.426586,
      37.759916
     ]
    ]
   }
  },
  {
   "type": "Feature",
   "properties": {
    "name": "19th Street",
    "highway": "residential"
   },
   "geometry": {
    "type": "LineString",
    "coordinates": [
     [
      -122.426586,
      37.759916
     ],
     [
      -122.424091,
      37.760041
     ]
    ]
   }
  },
  {
   "type": "Feature",
   "properties": {
    "name": "19th Street",
    "highway": "residential"
   },
   "geometry": {
    "type": "LineString",
    "coordinates": [
     [
      -122.424091,
      37.760041
     ],
     [
      -122.421221,
      37.760184
     ]
    ]
   }
  },
  {
   "type": "Feature",
   "properties": {
    "name": "19th Street",
    "highway": "residential"
   },
   "geometry": {
    "type": "LineString",
    "coordinates": [
     [
      -122.421221,
      37.760184
     ],
     [
      -122.418919,
      37.760299
     ]
    ]
   }
  },
  {
   "type": "Feature",
   "properties": {
    "name": "19th Street",
    "highway": "residential"
   },
   "geometry": {
    "type": "LineString",
    "coordinates": [
     [
      -122.418919,
      37.760299
     ],
     [
      -122.41622,
      37.760433
     ]
    ]
   }
  },
  {
   "type": "Feature",
   "properties": {
    "name": "19th Street",
    "highway": "residential"
   },
   "geometry": {
    "type": "LineString",
    "coordinates": [
     [
      -122.41622,
      37.760433
     ],
     [
      -122.413022,
      37.760593
     ]
    ]
   }
  },
  {
   "type": "Feature",
   "properties": {
    "name": "19th Street",
    "highway": "residential"
   },
   "geometry": {
    "type": "LineString",
    "coordinates": [
     [
      -122.413022,
      37.760593
     ],
     [
      -122.411615,
      37.760663
     ]
    ]
   }
  },
  {
   "type": "Feature",
   "properties": {
    "name": "19th Street",
    "highway": "residential"
   },
   "geometry": {
    "type": "LineString",
    "coordinates": [
     [
      -122.411615,
      37.760663
     ],
     [
      -122.40912,
      37.760787
     ]
    ]
   }
  },
  {
   "type": "Feature",
   "properties": {
    "name": "19th Street",
    "highway": "residential"
   },
   "geometry": {
    "type": "LineString",
    "coordinates": [
     [
      -122.40912,
      37.760787
     ],
     [
      -122.407011,
      37.760893
     ]
    ]
   }
  },
  {
   "type": "Feature",
   "properties": {
    "name": "20th Street",
    "highway": "residential"
   },
   "geometry": {
    "type": "LineString",
    "coordinates": [
     [
      -122.435123,
      37.757884
     ],
     [
      -122.433105,
      37.757984
     ]
    ]
   }
  },
  {
   "type": "Feature",
   "properties": {
    "name": "20th Street",
    "highway": "residential"
   },
   "geometry": {
    "type": "LineString",
    "coordinates": [
     [
      -122.433105,
      37.757984
     ],
     [
      -122.430587,
      37.75811
     ]
    ]
   }
  },
  {
   "type": "Feature",
   "properties": {
    "name": "20th Street",
    "highway": "residential"
   },
   "geometry": {
    "type": "LineString",
    "coordinates": [
     [
      -122.430587,
      37.75811
     ],
     [
      -122.428432,
      37.758217
     ]
    ]
   }
  },
  {
   "type": "Feature",
   "properties": {
    "name": "20th Street",
    "highway": "residential"
   },
   "geometry": {
    "type": "LineString",
    "coordinates": [
     [
      -122.428432,
      37.758217
     ],
     [
      -122.426459,
      37.758316
     ]
    ]
   }
  },
  {
   "type": "Feature",
   "properties": {
    "name": "20th Street",
    "highway": "residential"
   },
   "geometry": {
    "type": "LineString",
    "coordinates": [
     [
      -122.426459,
      37.758316
     ],
     [
      -122.423964,
      37.75844
     ]
    ]
   }
  },
  {
   "type": "Feature",
   "properties": {
    "name": "20th Street",
    "highway": "residential"
   },
   "geometry": {
    "type": "LineString",
    "coordinates": [
     [
      -122.423964,
      37.75844
     ],
     [
      -122.421094,
      37.758583
     ]
    ]
   }
  },
  {
   "type": "Feature",
   "properties": {
    "name": "20th Street",
    "highway": "residential"
   },
   "geometry": {
    "type": "LineString",
    "coordinates": [
     [
      -122.421094,
      37.758583
     ],
     [
      -122.418792,
      37.758698
     ]
    ]
   }
  },
  {
   "type": "Feature",
   "properties": {
    "name": "20th Street",
    "highway": "residential"
   },
   "geometry": {
    "type": "LineString",
    "coordinates": [
     [
      -122.418792,
      37.758698
     ],
     [
      -122.416093,
      37.758833
     ]
    ]
   }
  },
  {
   "type": "Feature",
   "properties": {
    "name": "20th Street",
    "highway": "residential"
   },
   "geometry": {
    "type": "LineString",
    "coordinates": [
     [
      -122.416093,
      37.758833
     ],
     [
      -122.412895,
      37.758992
     ]
    ]
   }
  },
  {
   "type": "Feature",
   "properties": {
    "name": "20th Street",
    "highway": "residential"
   },
   "geometry": {
    "type": "LineString",
    "coordinates": [
     [
      -122.412895,
      37.758992
     ],
     [
      -122.411488,
      37.759063
     ]
    ]
   }
  },
  {
   "type": "Feature",
   "properties": {
    "name": "20th Street",
    "highway": "residential"
   },
   "geometry": {
    "type": "LineString",
    "coordinates": [
     [
      -122.411488,
      37.759063
     ],
     [
      -122.408993,
      37.759187
     ]
    ]
   }
  },
  {
   "type": "Feature",
   "properties": {
    "name": "20th Street",
    "highway": "residential"
   },
   "geometry": {
    "type": "LineString",
    "coordinates": [
     [
      -122.408993,
      37.759187
     ],
     [
      -122.406884,
      37.759292
     ]
    ]
   }
  },
  {
   "type": "Feature",
   "properties": {
    "name": "21st Street",
    "highway": "residential"
   },
   "geometry": {
    "type": "LineString",
    "coordinates": [
     [
      -122.434996,
      37.756283
     ],
     [
      -122.432978,
      37.756384
     ]
    ]
   }
  },
  {
   "type": "Feature",
   "properties": {
    "name": "21st Street",
    "highway": "residential"
   },
   "geometry": {
    "type": "LineString",
    "coordinates": [
     [
      -122.432978,
      37.756384
     ],
     [
      -122.43046,
      37.756509
     ]
    ]
   }
  },
  {
   "type": "Feature",
   "properties": {
    "name": "21st Street",
    "highway": "residential"
   },
   "geometry": {
    "type": "LineString",
    "coordinates": [
     [
      -122.43046,
      37.756509
     ],
     [
      -122.428305,
      37.756617
     ]
    ]
   }
  },
  {
   "type": "Feature",
   "properties": {
    "name": "21st Street",
    "highway": "residential"
   },
   "geometry": {
    "type": "LineString",
    "coordinates": [
     [
      -122.428305,
      37.756617
     ],
     [
      -122.426332,
      37.756715
     ]
    ]
   }
  },
  {
   "type": "Feature",
   "properties": {
    "name": "21st Street",
    "highway": "residential"
   },
   "geometry": {
    "type": "LineString",
    "coordinates": [
     [
      -122.426332,
      37.756715
     ],
     [
      -122.423837,
      37.75684
     ]
    ]
   }
  },
  {
   "type": "Feature",
   "properties": {
    "name": "21st Street",
    "highway": "residential"
   },
   "geometry": {
    "type": "LineString",
    "coordinates": [
     [
      -122.423837,
      37.75684
     ],
     [
      -122.420967,
      37.756983
     ]
    ]
   }
  },
  {
   "type": "Feature",
   "properties": {
    "name": "21st Street",
    "highway": "residential"
   },
   "geometry": {
    "type": "LineString",
    "coordinates": [
     [
      -122.420967,
      37.756983
     ],
     [
      -122.418665,
      37.757098
     ]
    ]
   }
  },
  {
   "type": "Feature",
   "properties": {
    "name": "21st Street",
    "highway": "residential"
   },
   "geometry": {
    "type": "LineString",
    "coordinates": [
     [
      -122.418665,
      37.757098
     ],
     [
      -122.415966,
      37.757232
     ]
    ]
   }
  },
  {
   "type": "Feature",
   "properties": {
    "name": "21st Street",
    "highway": "residential"
   },
   "geometry": {
    "type": "LineString",
    "coordinates": [
     [
      -122.415966,
      37.757232
     ],
     [
      -122.412768,
      37.757392
     ]
    ]
   }
  },
  {
   "type": "Feature",
   "properties": {
    "name": "21st Street",
    "highway": "residential"
   },
   "geometry": {
    "type": "LineString",
    "coordinates": [
     [
      -122.412768,
      37.757392
     ],
     [
      -122.411361,
      37.757462
     ]
    ]
   }
  },
  {
   "type": "Feature",
   "properties": {
    "name": "21st Street",
    "highway": "residential"
   },
   "geometry": {
    "type": "LineString",
    "coordinates": [
     [
      -122.411361,
      37.757462
     ],
     [
      -122.408866,
      37.757587
     ]
    ]
   }
  },
  {
   "type": "Feature",
   "properties": {
    "name": "21st Street",
    "highway": "residential"
   },
   "geometry": {
    "type": "LineString",
    "coordinates": [
     [
      -122.408866,
      37.757587
     ],
     [
      -122.406757,
      37.757692
     ]
    ]
   }
  },
  {
   "type": "Feature",
   "properties": {
    "name": "22nd Street",
    "highway": "residential"
   },
   "geometry": {
    "type": "LineString",
    "coordinates": [
     [
      -122.434869,
      37.754683
     ],
     [
      -122.432851,
      37.754783
     ]
    ]
   }
  },
  {
   "type": "Feature",
   "properties": {
    "name": "22nd Street",
    "highway": "residential"
   },
   "geometry": {
    "type": "LineString",
    "coordinates": [
     [
      -122.432851,
      37.754783
     ],
     [
      -122.430333,
      37.754909
     ]
    ]
   }
  },
  {
   "type": "Feature",
   "properties": {
    "name": "22nd Street",
    "highway": "residential"
   },
   "geometry": {
    "type": "LineString",
    "coordinates": [
     [
      -122.430333,
      37.754909
     ],
     [
      -122.428178,
      37.755017
     ]
    ]
   }
  },
  {
   "type": "Feature",
   "properties": {
    "name": "22nd Street",
    "highway": "residential"
   },
   "geometry": {
    "type": "LineString",
    "coordinates": [
     [
      -122.428178,
      37.755017
     ],
     [
      -122.426205,
      37.755115
     ]
    ]
   }
  },
  {
   "type": "Feature",
   "properties": {
    "name": "22nd Street",
    "highway": "residential"
   },
   "geometry": {
    "type": "LineString",
    "coordinates": [
     [
      -122.426205,
      37.755115
     ],
     [
      -122.42371,
      37.755239
     ]
    ]
   }
  },
  {
   "type": "Feature",
   "properties": {
    "name": "22nd Street",
    "highway": "residential"
   },
   "geometry": {
    "type": "LineString",
    "coordinates": [
     [
      -122.42371,
      37.755239
     ],
     [
      -122.42084,
      37.755383
     ]
    ]
   }
  },
  {
   "type": "Feature",
   "properties": {
    "name": "22nd Street",
    "highway": "residential"
   },
   "geometry": {
    "type": "LineString",
    "coordinates": [
     [
      -122.42084,
      37.755383
     ],
     [
      -122.418538,
      37.755497
     ]
    ]
   }
  },
  {
   "type": "Feature",
   "properties": {
    "name": "22nd Street",
    "highway": "residential"
   },
   "geometry": {
    "type": "LineString",
    "coordinates": [
     [
      -122.418538,
      37.755497
     ],
     [
      -122.415839,
      37.755632
     ]
    ]
   }
  },
  {
   "type": "Feature",
   "properties": {
    "name": "22nd Street",
    "highway": "residential"
   },
   "geometry": {
    "type": "LineString",
    "coordinates": [
     [
      -122.415839,
      37.755632
     ],
     [
      -122.412641,
      37.755792
     ]
    ]
   }
  },
  {
   "type": "Feature",
   "properties": {
    "name": "22nd Street",
    "highway": "residential"
   },
   "geometry": {
    "type": "LineString",
    "coordinates": [
     [
      -122.412641,
      37.755792
     ],
     [
      -122.411234,
      37.755862
     ]
    ]
   }
  },
  {
   "type": "Feature",
   "properties": {
    "name": "22nd Street",
    "highway": "residential"
   },
   "geometry": {
    "type": "LineString",
    "coordinates": [
     [
      -122.411234,
      37.755862
     ],
     [
      -122.408739,
      37.755986
     ]
    ]
   }
  },
  {
   "type": "Feature",
   "properties": {
    "name": "22nd Street",
    "highway": "residential"
   },
   "geometry": {
    "type": "LineString",
    "coordinates": [
     [
      -122.408739,
      37.755986
     ],
     [
      -122.40663,
      37.756091
     ]
    ]
   }
  },
  {
   "type": "Feature",
   "properties": {
    "name": "22nd Street",
    "highway": "residential"
   },
   "geometry": {
    "type": "LineString",
    "coordinates": [
     [
      -122.40663,
      37.756091
     ],
     [
      -122.405439,
      37.756151
     ]
    ]
   }
  },
  {
   "type": "Feature",
   "properties": {
    "name": "22nd Street",
    "highway": "residential"
   },
   "geometry": {
    "type": "LineString",
    "coordinates": [
     [
      -122.405439,
      37.756151
     ],
     [
      -122.403057,
      37.75627
     ]
    ]
   }
  },
  {
   "type": "Feature",
   "properties": {
    "name": "22nd Street",
    "highway": "residential"
   },
   "geometry": {
    "type": "LineString",
    "coordinates": [
     [
      -122.403057,
      37.75627
     ],
     [
      -122.401866,
      37.756329
     ]
    ]
   }
  },
  {
   "type": "Feature",
   "properties": {
    "name": "22nd Street",
    "highway": "residential"
   },
   "geometry": {
    "type": "LineString",
    "coordinates": [
     [
      -122.401866,
      37.756329
     ],
     [
      -122.399485,
      37.756448
     ]
    ]
   }
  },
  {
   "type": "Feature",
   "properties": {
    "name": "22nd Street",
    "highway": "residential"
   },
   "geometry": {
    "type": "LineString",
    "coordinates": [
     [
      -122.399485,
      37.756448
     ],
     [
      -122.397103,
      37.756567
     ]
    ]
   }
  },
  {
   "type": "Feature",
   "properties": {
    "name": "22nd Street",
    "highway": "residential"
   },
   "geometry": {
    "type": "LineString",
    "coordinates": [
     [
      -122.397103,
      37.756567
     ],
     [
      -122.395912,
      37.756626
     ]
    ]
   }
  },
  {
   "type": "Feature",
   "properties": {
    "name": "22nd Street",
    "highway": "residential"
   },
   "geometry": {
    "type": "LineString",
    "coordinates": [
     [
      -122.395912,
      37.756626
     ],
     [
      -122.393531,
      37.756745
     ]
    ]
   }
  },
  {
   "type": "Feature",
   "properties": {
    "name": "22nd Street",
    "highway": "residential"
   },
   "geometry": {
    "type": "LineString",
    "coordinates": [
     [
      -122.393531,
      37.756745
     ],
     [
      -122.39234,
      37.756804
     ]
    ]
   }
  },
  {
   "type": "Feature",
   "properties": {
    "name": "22nd Street",
    "highway": "residential"
   },
   "geometry": {
    "type": "LineString",
    "coordinates": [
     [
      -122.39234,
      37.756804
     ],
     [
      -122.391149,
      37.756863
     ]
    ]
   }
  },
  {
   "type": "Feature",
   "properties": {
    "name": "22nd Street",
    "highway": "residential"
   },
   "geometry": {
    "type": "LineString",
    "coordinates": [
     [
      -122.391149,
      37.756863
     ],
     [
      -122.389958,
      37.756923
     ]
    ]
   }
  },
  {
   "type": "Feature",
   "properties": {
    "name": "22nd Street",
    "highway": "residential"
   },
   "geometry": {
    "type": "LineString",
    "coordinates": [
     [
      -122.389958,
      37.756923
     ],
     [
      -122.387576,
      37.757042
     ]
    ]
   }
  },
  {
   "type": "Feature",
   "properties": {
    "name": "23rd Street",
    "highway": "residential"
   },
   "geometry": {
    "type": "LineString",
    "coordinates": [
     [
      -122.434742,
      37.753082
     ],
     [
      -122.432724,
      37.753183
     ]
    ]
   }
  },
  {
   "type": "Feature",
   "properties": {
    "name": "23rd Street",
    "highway": "residential"
   },
   "geometry": {
    "type": "LineString",
    "coordinates": [
     [
      -122.432724,
      37.753183
     ],
     [
      -122.430206,
      37.753309
     ]
    ]
   }
  },
  {
   "type": "Feature",
   "properties": {
    "name": "23rd Street",
    "highway": "residential"
   },
   "geometry": {
    "type": "LineString",
    "coordinates": [
     [
      -122.430206,
      37.753309
     ],
     [
      -122.428051,
      37.753416
     ]
    ]
   }
  },
  {
   "type": "Feature",
   "properties": {
    "name": "23rd Street",
    "highway": "residential"
   },
   "geometry": {
    "type": "LineString",
    "coordinates": [
     [
      -122.428051,
      37.753416
     ],
     [
      -122.426078,
      37.753515
     ]
    ]
   }
  },
  {
   "type": "Feature",
   "properties": {
    "name": "23rd Street",
    "highway": "residential"
   },
   "geometry": {
    "type": "LineString",
    "coordinates": [
     [
      -122.426078,
      37.753515
     ],
     [
      -122.423583,
      37.753639
     ]
    ]
   }
  },
  {
   "type": "Feature",
   "properties": {
    "name": "23rd Street",
    "highway": "residential"
   },
   "geometry": {
    "type": "LineString",
    "coordinates": [
     [
      -122.423583,
      37.753639
     ],
     [
      -122.420713,
      37.753782
     ]
    ]
   }
  },
  {
   "type": "Feature",
   "properties": {
    "name": "23rd Street",
    "highway": "residential"
   },
   "geometry": {
    "type": "LineString",
    "coordinates": [
     [
      -122.420713,
      37.753782
     ],
     [
      -122.418411,
      37.753897
     ]
    ]
   }
  },
  {
   "type": "Feature",
   "properties": {
    "name": "23rd Street",
    "highway": "residential"
   },
   "geometry": {
    "type": "LineString",
    "coordinates": [
     [
      -122.418411,
      37.753897
     ],
     [
      -122.415712,
      37.754032
     ]
    ]
   }
  },
  {
   "type": "Feature",
   "properties": {
    "name": "23rd Street",
    "highway": "residential"
   },
   "geometry": {
    "type": "LineString",
    "coordinates": [
     [
      -122.415712,
      37.754032
     ],
     [
      -122.412514,
      37.754191
     ]
    ]
   }
  },
  {
   "type": "Feature",
   "properties": {
    "name": "23rd Street",
    "highway": "residential"
   },
   "geometry": {
    "type": "LineString",
    "coordinates": [
     [
      -122.412514,
      37.754191
     ],
     [
      -122.411107,
      37.754261
     ]
    ]
   }
  },
  {
   "type": "Feature",
   "properties": {
    "name": "23rd Street",
    "highway": "residential"
   },
   "geometry": {
    "type": "LineString",
    "coordinates": [
     [
      -122.411107,
      37.754261
     ],
     [
      -122.408612,
      37.754386
     ]
    ]
   }
  },
  {
   "type": "Feature",
   "properties": {
    "name": "23rd Street",
    "highway": "residential"
   },
   "geometry": {
    "type": "LineString",
    "coordinates": [
     [
      -122.408612,
      37.754386
     ],
     [
      -122.406503,
      37.754491
     ]
    ]
   }
  },
  {
   "type": "Feature",
   "properties": {
    "name": "24th Street",
    "highway": "secondary",
    "bicycle": "yes"
   },
   "geometry": {
    "type": "LineString",
    "coordinates": [
     [
      -122.434615,
      37.751482
     ],
     [
      -122.432597,
      37.751583
     ]
    ]
   }
  },
  {
   "type": "Feature",
   "properties": {
    "name": "24th Street",
    "highway": "secondary",
    "bicycle": "yes"
   },
   "geometry": {
    "type": "LineString",
    "coordinates": [
     [
      -122.432597,
      37.751583
     ],
     [
      -122.430079,
      37.751708
     ]
    ]
   }
  },
  {
   "type": "Feature",
   "properties": {
    "name": "24th Street",
    "highway": "secondary",
    "bicycle": "yes"
   },
   "geometry": {
    "type": "LineString",
    "coordinates": [
     [
      -122.430079,
      37.751708
     ],
     [
      -122.427924,
      37.751816
     ]
    ]
   }
  },
  {
   "type": "Feature",
   "properties": {
    "name": "24th Street",
    "highway": "secondary",
    "bicycle": "yes"
   },
   "geometry": {
    "type": "LineString",
    "coordinates": [
     [
      -122.427924,
      37.751816
     ],
     [
      -122.425951,
      37.751914
     ]
    ]
   }
  },
  {
   "type": "Feature",
   "properties": {
    "name": "24th Street",
    "highway": "secondary",
    "bicycle": "yes"
   },
   "geometry": {
    "type": "LineString",
    "coordinates": [
     [
      -122.425951,
      37.751914
     ],
     [
      -122.423456,
      37.752039
     ]
    ]
   }
  },
  {
   "type": "Feature",
   "properties": {
    "name": "24th Street",
    "highway": "secondary",
    "bicycle": "yes"
   },
   "geometry": {
    "type": "LineString",
    "coordinates": [
     [
      -122.423456,
      37.752039
     ],
     [
      -122.420586,
      37.752182
     ]
    ]
   }
  },
  {
   "type": "Feature",
   "properties": {
    "name": "24th Street",
    "highway": "secondary",
    "bicycle": "yes"
   },
   "geometry": {
    "type": "LineString",
    "coordinates": [
     [
      -122.420586,
      37.752182
     ],
     [
      -122.418284,
      37.752296
     ]
    ]
   }
  },
  {
   "type": "Feature",
   "properties": {
    "name": "24th Street",
    "highway": "secondary",
    "bicycle": "yes"
   },
   "geometry": {
    "type": "LineString",
    "coordinates": [
     [
      -122.418284,
      37.752296
     ],
     [
      -122.415585,
      37.752431
     ]
    ]
   }
  },
  {
   "type": "Feature",
   "properties": {
    "name": "24th Street",
    "highway": "secondary",
    "bicycle": "yes"
   },
   "geometry": {
    "type": "LineString",
    "coordinates": [
     [
      -122.415585,
      37.752431
     ],
     [
      -122.412387,
      37.752591
     ]
    ]
   }
  },
  {
   "type": "Feature",
   "properties": {
    "name": "24th Street",
    "highway": "secondary",
    "bicycle": "yes"
   },
   "geometry": {
    "type": "LineString",
    "coordinates": [
     [
      -122.412387,
      37.752591
     ],
     [
      -122.41098,
      37.752661
     ]
    ]
   }
  },
  {
   "type": "Feature",
   "properties": {
    "name": "24th Street",
    "highway": "secondary",
    "bicycle": "yes"
   },
   "geometry": {
    "type": "LineString",
    "coordinates": [
     [
      -122.41098,
      37.752661
     ],
     [
      -122.408485,
      37.752785
     ]
    ]
   }
  },
  {
   "type": "Feature",
   "properties": {
    "name": "24th Street",
    "highway": "secondary",
    "bicycle": "yes"
   },
   "geometry": {
    "type": "LineString",
    "coordinates": [
     [
      -122.408485,
      37.752785
     ],
     [
      -122.406376,
      37.75289
     ]
    ]
   }
  },
  {
   "type": "Feature",
   "properties": {
    "name": "24th Street",
    "highway": "secondary",
    "bicycle": "yes"
   },
   "geometry": {
    "type": "LineString",
    "coordinates": [
     [
      -122.406376,
      37.75289
     ],
     [
      -122.405185,
      37.75295
     ]
    ]
   }
  },
  {
   "type": "Feature",
   "properties": {
    "name": "24th Street",
    "highway": "secondary",
    "bicycle": "yes"
   },
   "geometry": {
    "type": "LineString",
    "coordinates": [
     [
      -122.405185,
      37.75295
     ],
     [
      -122.402803,
      37.753069
     ]
    ]
   }
  },
  {
   "type": "Feature",
   "properties": {
    "name": "24th Street",
    "highway": "secondary",
    "bicycle": "yes"
   },
   "geometry": {
    "type": "LineString",
    "coordinates": [
     [
      -122.402803,
      37.753069
     ],
     [
      -122.401612,
      37.753128
     ]
    ]
   }
  },
  {
   "type": "Feature",
   "properties": {
    "name": "24th Street",
    "highway": "secondary",
    "bicycle": "yes"
   },
   "geometry": {
    "type": "LineString",
    "coordinates": [
     [
      -122.401612,
      37.753128
     ],
     [
      -122.399231,
      37.753247
     ]
    ]
   }
  },
  {
   "type": "Feature",
   "properties": {
    "name": "24th Street",
    "highway": "secondary",
    "bicycle": "yes"
   },
   "geometry": {
    "type": "LineString",
    "coordinates": [
     [
      -122.399231,
      37.753247
     ],
     [
      -122.396849,
      37.753366
     ]
    ]
   }
  },
  {
   "type": "Feature",
   "properties": {
    "name": "24th Street",
    "highway": "secondary",
    "bicycle": "yes"
   },
   "geometry": {
    "type": "LineString",
    "coordinates": [
     [
      -122.396849,
      37.753366
     ],
     [
      -122.395658,
      37.753425
     ]
    ]
   }
  },
  {
   "type": "Feature",
   "properties": {
    "name": "24th Street",
    "highway": "secondary",
    "bicycle": "yes"
   },
   "geometry": {
    "type": "LineString",
    "coordinates": [
     [
      -122.395658,
      37.753425
     ],
     [
      -122.393277,
      37.753544
     ]
    ]
   }
  },
  {
   "type": "Feature",
   "properties": {
    "name": "24th Street",
    "highway": "secondary",
    "bicycle": "yes"
   },
   "geometry": {
    "type": "LineString",
    "coordinates": [
     [
      -122.393277,
      37.753544
     ],
     [
      -122.392086,
      37.753603
     ]
    ]
   }
  },
  {
   "type": "Feature",
   "properties": {
    "name": "24th Street",
    "highway": "secondary",
    "bicycle": "yes"
   },
   "geometry": {
    "type": "LineString",
    "coordinates": [
     [
      -122.392086,
      37.753603
     ],
     [
      -122.390895,
      37.753663
     ]
    ]
   }
  },
  {
   "type": "Feature",
   "properties": {
    "name": "24th Street",
    "highway": "secondary",
    "bicycle": "yes"
   },
   "geometry": {
    "type": "LineString",
    "coordinates": [
     [
      -122.390895,
      37.753663
     ],
     [
      -122.389704,
      37.753722
     ]
    ]
   }
  },
  {
   "type": "Feature",
   "properties": {
    "name": "24th Street",
    "highway": "secondary",
    "bicycle": "yes"
   },
   "geometry": {
    "type": "LineString",
    "coordinates": [
     [
      -122.389704,
      37.753722
     ],
     [
      -122.387322,
      37.753841
     ]
    ]
   }
  },
  {
   "type": "Feature",
   "properties": {
    "name": "Castro Street",
    "highway": "residential"
   },
   "geometry": {
    "type": "LineString",
    "coordinates": [
     [
      -122.434401,
      37.748776
     ],
     [
      -122.434615,
      37.751482
     ]
    ]
   }
  },
  {
   "type": "Feature",
   "properties": {
    "name": "Castro Street",
    "highway": "residential"
   },
   "geometry": {
    "type": "LineString",
    "coordinates": [
     [
      -122.434615,
      37.751482
     ],
     [
      -122.434742,
      37.753082
     ]
    ]
   }
  },
  {
   "type": "Feature",
   "properties": {
    "name": "Castro Street",
    "highway": "residential"
   },
   "geometry": {
    "type": "LineString",
    "coordinates": [
     [
      -122.434742,
      37.753082
     ],
     [
      -122.434869,
      37.754683
     ]
    ]
   }
  },
  {
   "type": "Feature",
   "properties": {
    "name": "Castro Street",
    "highway": "residential"
   },
   "geometry": {
    "type": "LineString",
    "coordinates": [
     [
      -122.434869,
      37.754683
     ],
     [
      -122.434996,
      37.756283
     ]
    ]
   }
  },
  {
   "type": "Feature",
   "properties": {
    "name": "Castro Street",
    "highway": "residential"
   },
   "geometry": {
    "type": "LineString",
    "coordinates": [
     [
      -122.434996,
      37.756283
     ],
     [
      -122.435123,
      37.757884
     ]
    ]
   }
  },
  {
   "type": "Feature",
   "properties": {
    "name": "Castro Street",
    "highway": "residential"
   },
   "geometry": {
    "type": "LineString",
    "coordinates": [
     [
      -122.435123,
      37.757884
     ],
     [
      -122.43525,
      37.759484
     ]
    ]
   }
  },
  {
   "type": "Feature",
   "properties": {
    "name": "Castro Street",
    "highway": "residential"
   },
   "geometry": {
    "type": "LineString",
    "coordinates": [
     [
      -122.43525,
      37.759484
     ],
     [
      -122.435377,
      37.761085
     ]
    ]
   }
  },
  {
   "type": "Feature",
   "properties": {
    "name": "Castro Street",
    "highway": "residential"
   },
   "geometry": {
    "type": "LineString",
    "coordinates": [
     [
      -122.435377,
      37.761085
     ],
     [
      -122.435488,
      37.762479
     ]
    ]
   }
  },
  {
   "type": "Feature",
   "properties": {
    "name": "Castro Street",
    "highway": "residential"
   },
   "geometry": {
    "type": "LineString",
    "coordinates": [
     [
      -122.435488,
      37.762479
     ],
     [
      -122.435504,
      37.762685
     ]
    ]
   }
  },
  {
   "type": "Feature",
   "properties": {
    "name": "Castro Street",
    "highway": "residential"
   },
   "geometry": {
    "type": "LineString",
    "coordinates": [
     [
      -122.435504,
      37.762685
     ],
     [
      -122.435631,
      37.764285
     ]
    ]
   }
  },
  {
   "type": "Feature",
   "properties": {
    "name": "Castro Street",
    "highway": "residential"
   },
   "geometry": {
    "type": "LineString",
    "coordinates": [
     [
      -122.435631,
      37.764285
     ],
     [
      -122.435885,
      37.767486
     ]
    ]
   }
  },
  {
   "type": "Feature",
   "properties": {
    "name": "Castro Street",
    "highway": "residential"
   },
   "geometry": {
    "type": "LineString",
    "coordinates": [
     [
      -122.435885,
      37.767486
     ],
     [
      -122.436063,
      37.769721
     ]
    ]
   }
  },
  {
   "type": "Feature",
   "properties": {
    "name": "Noe Street",
    "highway": "residential"
   },
   "geometry": {
    "type": "LineString",
    "coordinates": [
     [
      -122.432382,
      37.748876
     ],
     [
      -122.432597,
      37.751583
     ]
    ]
   }
  },
  {
   "type": "Feature",
   "properties": {
    "name": "Noe Street",
    "highway": "residential"
   },
   "geometry": {
    "type": "LineString",
    "coordinates": [
     [
      -122.432597,
      37.751583
     ],
     [
      -122.432724,
      37.753183
     ]
    ]
   }
  },
  {
   "type": "Feature",
   "properties": {
    "name": "Noe Street",
    "highway": "residential"
   },
   "geometry": {
    "type": "LineString",
    "coordinates": [
     [
      -122.432724,
      37.753183
     ],
     [
      -122.432851,
      37.754783
     ]
    ]
   }
  },
  {
   "type": "Feature",
   "properties": {
    "name": "Noe Street",
    "highway": "residential"
   },
   "geometry": {
    "type": "LineString",
    "coordinates": [
     [
      -122.432851,
      37.754783
     ],
     [
      -122.432978,
      37.756384
     ]
    ]
   }
  },
  {
   "type": "Feature",
   "properties": {
    "name": "Noe Street",
    "highway": "residential"
   },
   "geometry": {
    "type": "LineString",
    "coordinates": [
     [
      -122.432978,
      37.756384
     ],
     [
      -122.433105,
      37.757984
     ]
    ]
   }
  },
  {
   "type": "Feature",
   "properties": {
    "name": "Noe Street",
    "highway": "residential"
   },
   "geometry": {
    "type": "LineString",
    "coordinates": [
     [
      -122.433105,
      37.757984
     ],
     [
      -122.433232,
      37.759585
     ]
    ]
   }
  },
  {
   "type": "Feature",
   "properties": {
    "name": "Noe Street",
    "highway": "residential"
   },
   "geometry": {
    "type": "LineString",
    "coordinates": [
     [
      -122.433232,
      37.759585
     ],
     [
      -122.433359,
      37.761185
     ]
    ]
   }
  },
  {
   "type": "Feature",
   "properties": {
    "name": "Noe Street",
    "highway": "residential"
   },
   "geometry": {
    "type": "LineString",
    "coordinates": [
     [
      -122.433359,
      37.761185
     ],
     [
      -122.433486,
      37.762786
     ]
    ]
   }
  },
  {
   "type": "Feature",
   "properties": {
    "name": "Noe Street",
    "highway": "residential"
   },
   "geometry": {
    "type": "LineString",
    "coordinates": [
     [
      -122.433486,
      37.762786
     ],
     [
      -122.433578,
      37.763945
     ]
    ]
   }
  },
  {
   "type": "Feature",
   "properties": {
    "name": "Noe Street",
    "highway": "residential"
   },
   "geometry": {
    "type": "LineString",
    "coordinates": [
     [
      -122.433578,
      37.763945
     ],
     [
      -122.433613,
      37.764386
     ]
    ]
   }
  },
  {
   "type": "Feature",
   "properties": {
    "name": "Noe Street",
    "highway": "residential"
   },
   "geometry": {
    "type": "LineString",
    "coordinates": [
     [
      -122.433613,
      37.764386
     ],
     [
      -122.433867,
      37.767587
     ]
    ]
   }
  },
  {
   "type": "Feature",
   "properties": {
    "name": "Noe Street",
    "highway": "residential"
   },
   "geometry": {
    "type": "LineString",
    "coordinates": [
     [
      -122.433867,
      37.767587
     ],
     [
      -122.434031,
      37.769657
     ]
    ]
   }
  },
  {
   "type": "Feature",
   "properties": {
    "name": "Sanchez Street",
    "highway": "residential",
    "bicycle": "designated"
   },
   "geometry": {
    "type": "LineString",
    "coordinates": [
     [
      -122.430079,
      37.751708
     ],
     [
      -122.430206,
      37.753309
     ]
    ]
   }
  },
  {
   "type": "Feature",
   "properties": {
    "name": "Sanchez Street",
    "highway": "residential",
    "bicycle": "designated"
   },
   "geometry": {
    "type": "LineString",
    "coordinates": [
     [
      -122.430206,
      37.753309
     ],
     [
      -122.430333,
      37.754909
     ]
    ]
   }
  },
  {
   "type": "Feature",
   "properties": {
    "name": "Sanchez Street",
    "highway": "residential",
    "bicycle": "designated"
   },
   "geometry": {
    "type": "LineString",
    "coordinates": [
     [
      -122.430333,
      37.754909
     ],
     [
      -122.43046,
      37.756509
     ]
    ]
   }
  },
  {
   "type": "Feature",
   "properties": {
    "name": "Sanchez Street",
    "highway": "residential",
    "bicycle": "designated"
   },
   "geometry": {
    "type": "LineString",
    "coordinates": [
     [
      -122.43046,
      37.756509
     ],
     [
      -122.430587,
      37.75811
     ]
    ]
   }
  },
  {
   "type": "Feature",
   "properties": {
    "name": "Sanchez Street",
    "highway": "residential",
    "bicycle": "designated"
   },
   "geometry": {
    "type": "LineString",
    "coordinates": [
     [
      -122.430587,
      37.75811
     ],
     [
      -122.430714,
      37.75971
     ]
    ]
   }
  },
  {
   "type": "Feature",
   "properties": {
    "name": "Sanchez Street",
    "highway": "residential",
    "bicycle": "designated"
   },
   "geometry": {
    "type": "LineString",
    "coordinates": [
     [
      -122.430714,
      37.75971
     ],
     [
      -122.430841,
      37.761311
     ]
    ]
   }
  },
  {
   "type": "Feature",
   "properties": {
    "name": "Sanchez Street",
    "highway": "residential",
    "bicycle": "designated"
   },
   "geometry": {
    "type": "LineString",
    "coordinates": [
     [
      -122.430841,
      37.761311
     ],
     [
      -122.430968,
      37.762911
     ]
    ]
   }
  },
  {
   "type": "Feature",
   "properties": {
    "name": "Sanchez Street",
    "highway": "residential",
    "bicycle": "designated"
   },
   "geometry": {
    "type": "LineString",
    "coordinates": [
     [
      -122.430968,
      37.762911
     ],
     [
      -122.431095,
      37.764512
     ]
    ]
   }
  },
  {
   "type": "Feature",
   "properties": {
    "name": "Sanchez Street",
    "highway": "residential",
    "bicycle": "designated"
   },
   "geometry": {
    "type": "LineString",
    "coordinates": [
     [
      -122.431095,
      37.764512
     ],
     [
      -122.431195,
      37.765773
     ]
    ]
   }
  },
  {
   "type": "Feature",
   "properties": {
    "name": "Sanchez Street",
    "highway": "residential",
    "bicycle": "designated"
   },
   "geometry": {
    "type": "LineString",
    "coordinates": [
     [
      -122.431195,
      37.765773
     ],
     [
      -122.431349,
      37.767713
     ]
    ]
   }
  },
  {
   "type": "Feature",
   "properties": {
    "name": "Sanchez Street",
    "highway": "residential",
    "bicycle": "designated"
   },
   "geometry": {
    "type": "LineString",
    "coordinates": [
     [
      -122.431349,
      37.767713
     ],
     [
      -122.431497,
      37.769578
     ]
    ]
   }
  },
  {
   "type": "Feature",
   "properties": {
    "name": "Church Street",
    "highway": "secondary"
   },
   "geometry": {
    "type": "LineString",
    "coordinates": [
     [
      -122.427709,
      37.749109
     ],
     [
      -122.427924,
      37.751816
     ]
    ]
   }
  },
  {
   "type": "Feature",
   "properties": {
    "name": "Church Street",
    "highway": "secondary"
   },
   "geometry": {
    "type": "LineString",
    "coordinates": [
     [
      -122.427924,
      37.751816
     ],
     [
      -122.428051,
      37.753416
     ]
    ]
   }
  },
  {
   "type": "Feature",
   "properties": {
    "name": "Church Street",
    "highway": "secondary"
   },
   "geometry": {
    "type": "LineString",
    "coordinates": [
     [
      -122.428051,
      37.753416
     ],
     [
      -122.428178,
      37.755017
     ]
    ]
   }
  },
  {
   "type": "Feature",
   "properties": {
    "name": "Church Street",
    "highway": "secondary"
   },
   "geometry": {
    "type": "LineString",
    "coordinates": [
     [
      -122.428178,
      37.755017
     ],
     [
      -122.428305,
      37.756617
     ]
    ]
   }
  },
  {
   "type": "Feature",
   "properties": {
    "name": "Church Street",
    "highway": "secondary"
   },
   "geometry": {
    "type": "LineString",
    "coordinates": [
     [
      -122.428305,
      37.756617
     ],
     [
      -122.428432,
      37.758217
     ]
    ]
   }
  },
  {
   "type": "Feature",
   "properties": {
    "name": "Church Street",
    "highway": "secondary"
   },
   "geometry": {
    "type": "LineString",
    "coordinates": [
     [
      -122.428432,
      37.758217
     ],
     [
      -122.428559,
      37.759818
     ]
    ]
   }
  },
  {
   "type": "Feature",
   "properties": {
    "name": "Church Street",
    "highway": "secondary"
   },
   "geometry": {
    "type": "LineString",
    "coordinates": [
     [
      -122.428559,
      37.759818
     ],
     [
      -122.428686,
      37.761418
     ]
    ]
   }
  },
  {
   "type": "Feature",
   "properties": {
    "name": "Church Street",
    "highway": "secondary"
   },
   "geometry": {
    "type": "LineString",
    "coordinates": [
     [
      -122.428686,
      37.761418
     ],
     [
      -122.428813,
      37.763019
     ]
    ]
   }
  },
  {
   "type": "Feature",
   "properties": {
    "name": "Church Street",
    "highway": "secondary"
   },
   "geometry": {
    "type": "LineString",
    "coordinates": [
     [
      -122.428813,
      37.763019
     ],
     [
      -122.42894,
      37.764619
     ]
    ]
   }
  },
  {
   "type": "Feature",
   "properties": {
    "name": "Church Street",
    "highway": "secondary"
   },
   "geometry": {
    "type": "LineString",
    "coordinates": [
     [
      -122.42894,
      37.764619
     ],
     [
      -122.429156,
      37.767337
     ]
    ]
   }
  },
  {
   "type": "Feature",
   "properties": {
    "name": "Church Street",
    "highway": "secondary"
   },
   "geometry": {
    "type": "LineString",
    "coordinates": [
     [
      -122.429156,
      37.767337
     ],
     [
      -122.429194,
      37.76782
     ]
    ]
   }
  },
  {
   "type": "Feature",
   "properties": {
    "name": "Church Street",
    "highway": "secondary"
   },
   "geometry": {
    "type": "LineString",
    "coordinates": [
     [
      -122.429194,
      37.76782
     ],
     [
      -122.429328,
      37.76951
     ]
    ]
   }
  },
  {
   "type": "Feature",
   "properties": {
    "name": "Dolores Street",
    "highway": "secondary"
   },
   "geometry": {
    "type": "LineString",
    "coordinates": [
     [
      -122.425736,
      37.749208
     ],
     [
      -122.425951,
      37.751914
     ]
    ]
   }
  },
  {
   "type": "Feature",
   "properties": {
    "name": "Dolores Street",
    "highway": "secondary"
   },
   "geometry": {
    "type": "LineString",
    "coordinates": [
     [
      -122.425951,
      37.751914
     ],
     [
      -122.426078,
      37.753515
     ]
    ]
   }
  },
  {
   "type": "Feature",
   "properties": {
    "name": "Dolores Street",
    "highway": "secondary"
   },
   "geometry": {
    "type": "LineString",
    "coordinates": [
     [
      -122.426078,
      37.753515
     ],
     [
      -122.426205,
      37.755115
     ]
    ]
   }
  },
  {
   "type": "Feature",
   "properties": {
    "name": "Dolores Street",
    "highway": "secondary"
   },
   "geometry": {
    "type": "LineString",
    "coordinates": [
     [
      -122.426205,
      37.755115
     ],
     [
      -122.426332,
      37.756715
     ]
    ]
   }
  },
  {
   "type": "Feature",
   "properties": {
    "name": "Dolores Street",
    "highway": "secondary"
   },
   "geometry": {
    "type": "LineString",
    "coordinates": [
     [
      -122.426332,
      37.756715
     ],
     [
      -122.426459,
      37.758316
     ]
    ]
   }
  },
  {
   "type": "Feature",
   "properties": {
    "name": "Dolores Street",
    "highway": "secondary"
   },
   "geometry": {
    "type": "LineString",
    "coordinates": [
     [
      -122.426459,
      37.758316
     ],
     [
      -122.426586,
      37.759916
     ]
    ]
   }
  },
  {
   "type": "Feature",
   "properties": {
    "name": "Dolores Street",
    "highway": "secondary"
   },
   "geometry": {
    "type": "LineString",
    "coordinates": [
     [
      -122.426586,
      37.759916
     ],
     [
      -122.426713,
      37.761517
     ]
    ]
   }
  },
  {
   "type": "Feature",
   "properties": {
    "name": "Dolores Street",
    "highway": "secondary"
   },
   "geometry": {
    "type": "LineString",
    "coordinates": [
     [
      -122.426713,
      37.761517
     ],
     [
      -122.42684,
      37.763117
     ]
    ]
   }
  },
  {
   "type": "Feature",
   "properties": {
    "name": "Dolores Street",
    "highway": "secondary"
   },
   "geometry": {
    "type": "LineString",
    "coordinates": [
     [
      -122.42684,
      37.763117
     ],
     [
      -122.426967,
      37.764718
     ]
    ]
   }
  },
  {
   "type": "Feature",
   "properties": {
    "name": "Dolores Street",
    "highway": "secondary"
   },
   "geometry": {
    "type": "LineString",
    "coordinates": [
     [
      -122.426967,
      37.764718
     ],
     [
      -122.427221,
      37.767918
     ]
    ]
   }
  },
  {
   "type": "Feature",
   "properties": {
    "name": "Dolores Street",
    "highway": "secondary"
   },
   "geometry": {
    "type": "LineString",
    "coordinates": [
     [
      -122.427221,
      37.767918
     ],
     [
      -122.427288,
      37.76877
     ]
    ]
   }
  },
  {
   "type": "Feature",
   "properties": {
    "name": "Guerrero Street",
    "highway": "secondary"
   },
   "geometry": {
    "type": "LineString",
    "coordinates": [
     [
      -122.423456,
      37.752039
     ],
     [
      -122.423583,
      37.753639
     ]
    ]
   }
  },
  {
   "type": "Feature",
   "properties": {
    "name": "Guerrero Street",
    "highway": "secondary"
   },
   "geometry": {
    "type": "LineString",
    "coordinates": [
     [
      -122.423583,
      37.753639
     ],
     [
      -122.42371,
      37.755239
     ]
    ]
   }
  },
  {
   "type": "Feature",
   "properties": {
    "name": "Guerrero Street",
    "highway": "secondary"
   },
   "geometry": {
    "type": "LineString",
    "coordinates": [
     [
      -122.42371,
      37.755239
     ],
     [
      -122.423837,
      37.75684
     ]
    ]
   }
  },
  {
   "type": "Feature",
   "properties": {
    "name": "Guerrero Street",
    "highway": "secondary"
   },
   "geometry": {
    "type": "LineString",
    "coordinates": [
     [
      -122.423837,
      37.75684
     ],
     [
      -122.423964,
      37.75844
     ]
    ]
   }
  },
  {
   "type": "Feature",
   "properties": {
    "name": "Guerrero Street",
    "highway": "secondary"
   },
   "geometry": {
    "type": "LineString",
    "coordinates": [
     [
      -122.423964,
      37.75844
     ],
     [
      -122.424091,
      37.760041
     ]
    ]
   }
  },
  {
   "type": "Feature",
   "properties": {
    "name": "Guerrero Street",
    "highway": "secondary"
   },
   "geometry": {
    "type": "LineString",
    "coordinates": [
     [
      -122.424091,
      37.760041
     ],
     [
      -122.424218,
      37.761641
     ]
    ]
   }
  },
  {
   "type": "Feature",
   "properties": {
    "name": "Guerrero Street",
    "highway": "secondary"
   },
   "geometry": {
    "type": "LineString",
    "coordinates": [
     [
      -122.424218,
      37.761641
     ],
     [
      -122.424345,
      37.763242
     ]
    ]
   }
  },
  {
   "type": "Feature",
   "properties": {
    "name": "Guerrero Street",
    "highway": "secondary"
   },
   "geometry": {
    "type": "LineString",
    "coordinates": [
     [
      -122.424345,
      37.763242
     ],
     [
      -122.424472,
      37.764842
     ]
    ]
   }
  },
  {
   "type": "Feature",
   "properties": {
    "name": "Guerrero Street",
    "highway": "secondary"
   },
   "geometry": {
    "type": "LineString",
    "coordinates": [
     [
      -122.424472,
      37.764842
     ],
     [
      -122.424726,
      37.768043
     ]
    ]
   }
  },
  {
   "type": "Feature",
   "properties": {
    "name": "Guerrero Street",
    "highway": "secondary"
   },
   "geometry": {
    "type": "LineString",
    "coordinates": [
     [
      -122.424726,
      37.768043
     ],
     [
      -122.424927,
      37.770581
     ]
    ]
   }
  },
  {
   "type": "Feature",
   "properties": {
    "name": "Valencia Street",
    "highway": "secondary",
    "bicycle": "designated"
   },
   "geometry": {
    "type": "LineString",
    "coordinates": [
     [
      -122.420586,
      37.752182
     ],
     [
      -122.420713,
      37.753782
     ]
    ]
   }
  },
  {
   "type": "Feature",
   "properties": {
    "name": "Valencia Street",
    "highway": "secondary",
    "bicycle": "designated"
   },
   "geometry": {
    "type": "LineString",
    "coordinates": [
     [
      -122.420713,
      37.753782
     ],
     [
      -122.42084,
      37.755383
     ]
    ]
   }
  },
  {
   "type": "Feature",
   "properties": {
    "name": "Valencia Street",
    "highway": "secondary",
    "bicycle": "designated"
   },
   "geometry": {
    "type": "LineString",
    "coordinates": [
     [
      -122.42084,
      37.755383
     ],
     [
      -122.420967,
      37.756983
     ]
    ]
   }
  },
  {
   "type": "Feature",
   "properties": {
    "name": "Valencia Street",
    "highway": "secondary",
    "bicycle": "designated"
   },
   "geometry": {
    "type": "LineString",
    "coordinates": [
     [
      -122.420967,
      37.756983
     ],
     [
      -122.421094,
      37.758583
     ]
    ]
   }
  },
  {
   "type": "Feature",
   "properties": {
    "name": "Valencia Street",
    "highway": "secondary",
    "bicycle": "designated"
   },
   "geometry": {
    "type": "LineString",
    "coordinates": [
     [
      -122.421094,
      37.758583
     ],
     [
      -122.421221,
      37.760184
     ]
    ]
   }
  },
  {
   "type": "Feature",
   "properties": {
    "name": "Valencia Street",
    "highway": "secondary",
    "bicycle": "designated"
   },
   "geometry": {
    "type": "LineString",
    "coordinates": [
     [
      -122.421221,
      37.760184
     ],
     [
      -122.421348,
      37.761784
     ]
    ]
   }
  },
  {
   "type": "Feature",
   "properties": {
    "name": "Valencia Street",
    "highway": "secondary",
    "bicycle": "designated"
   },
   "geometry": {
    "type": "LineString",
    "coordinates": [
     [
      -122.421348,
      37.761784
     ],
     [
      -122.421475,
      37.763385
     ]
    ]
   }
  },
  {
   "type": "Feature",
   "properties": {
    "name": "Valencia Street",
    "highway": "secondary",
    "bicycle": "designated"
   },
   "geometry": {
    "type": "LineString",
    "coordinates": [
     [
      -122.421475,
      37.763385
     ],
     [
      -122.421602,
      37.764985
     ]
    ]
   }
  },
  {
   "type": "Feature",
   "properties": {
    "name": "Valencia Street",
    "highway": "secondary",
    "bicycle": "designated"
   },
   "geometry": {
    "type": "LineString",
    "coordinates": [
     [
      -122.421602,
      37.764985
     ],
     [
      -122.421856,
      37.768186
     ]
    ]
   }
  },
  {
   "type": "Feature",
   "properties": {
    "name": "Valencia Street",
    "highway": "secondary",
    "bicycle": "designated"
   },
   "geometry": {
    "type": "LineString",
    "coordinates": [
     [
      -122.421856,
      37.768186
     ],
     [
      -122.422212,
      37.772665
     ]
    ]
   }
  },
  {
   "type": "Feature",
   "properties": {
    "name": "Mission Street",
    "highway": "primary",
    "bicycle": "yes"
   },
   "geometry": {
    "type": "LineString",
    "coordinates": [
     [
      -122.418284,
      37.752296
     ],
     [
      -122.418411,
      37.753897
     ]
    ]
   }
  },
  {
   "type": "Feature",
   "properties": {
    "name": "Mission Street",
    "highway": "primary",
    "bicycle": "yes"
   },
   "geometry": {
    "type": "LineString",
    "coordinates": [
     [
      -122.418411,
      37.753897
     ],
     [
      -122.418538,
      37.755497
     ]
    ]
   }
  },
  {
   "type": "Feature",
   "properties": {
    "name": "Mission Street",
    "highway": "primary",
    "bicycle": "yes"
   },
   "geometry": {
    "type": "LineString",
    "coordinates": [
     [
      -122.418538,
      37.755497
     ],
     [
      -122.418665,
      37.757098
     ]
    ]
   }
  },
  {
   "type": "Feature",
   "properties": {
    "name": "Mission Street",
    "highway": "primary",
    "bicycle": "yes"
   },
   "geometry": {
    "type": "LineString",
    "coordinates": [
     [
      -122.418665,
      37.757098
     ],
     [
      -122.418792,
      37.758698
     ]
    ]
   }
  },
  {
   "type": "Feature",
   "properties": {
    "name": "Mission Street",
    "highway": "primary",
    "bicycle": "yes"
   },
   "geometry": {
    "type": "LineString",
    "coordinates": [
     [
      -122.418792,
      37.758698
     ],
     [
      -122.418919,
      37.760299
     ]
    ]
   }
  },
  {
   "type": "Feature",
   "properties": {
    "name": "Mission Street",
    "highway": "primary",
    "bicycle": "yes"
   },
   "geometry": {
    "type": "LineString",
    "coordinates": [
     [
      -122.418919,
      37.760299
     ],
     [
      -122.419046,
      37.761899
     ]
    ]
   }
  },
  {
   "type": "Feature",
   "properties": {
    "name": "Mission Street",
    "highway": "primary",
    "bicycle": "yes"
   },
   "geometry": {
    "type": "LineString",
    "coordinates": [
     [
      -122.419046,
      37.761899
     ],
     [
      -122.419173,
      37.7635
     ]
    ]
   }
  },
  {
   "type": "Feature",
   "properties": {
    "name": "Mission Street",
    "highway": "primary",
    "bicycle": "yes"
   },
   "geometry": {
    "type": "LineString",
    "coordinates": [
     [
      -122.419173,
      37.7635
     ],
     [
      -122.4193,
      37.7651
     ]
    ]
   }
  },
  {
   "type": "Feature",
   "properties": {
    "name": "Mission Street",
    "highway": "primary",
    "bicycle": "yes"
   },
   "geometry": {
    "type": "LineString",
    "coordinates": [
     [
      -122.4193,
      37.7651
     ],
     [
      -122.419554,
      37.768301
     ]
    ]
   }
  },
  {
   "type": "Feature",
   "properties": {
    "name": "Mission Street",
    "highway": "primary",
    "bicycle": "yes"
   },
   "geometry": {
    "type": "LineString",
    "coordinates": [
     [
      -122.419554,
      37.768301
     ],
     [
      -122.419645,
      37.769451
     ]
    ]
   }
  },
  {
   "type": "Feature",
   "properties": {
    "name": "Mission Street",
    "highway": "primary",
    "bicycle": "yes"
   },
   "geometry": {
    "type": "LineString",
    "coordinates": [
     [
      -122.419645,
      37.769451
     ],
     [
      -122.420033,
      37.774336
     ]
    ]
   }
  },
  {
   "type": "Feature",
   "properties": {
    "name": "South Van Ness Avenue",
    "highway": "secondary"
   },
   "geometry": {
    "type": "LineString",
    "coordinates": [
     [
      -122.415585,
      37.752431
     ],
     [
      -122.415712,
      37.754032
     ]
    ]
   }
  },
  {
   "type": "Feature",
   "properties": {
    "name": "South Van Ness Avenue",
    "highway": "secondary"
   },
   "geometry": {
    "type": "LineString",
    "coordinates": [
     [
      -122.415712,
      37.754032
     ],
     [
      -122.415839,
      37.755632
     ]
    ]
   }
  },
  {
   "type": "Feature",
   "properties": {
    "name": "South Van Ness Avenue",
    "highway": "secondary"
   },
   "geometry": {
    "type": "LineString",
    "coordinates": [
     [
      -122.415839,
      37.755632
     ],
     [
      -122.415966,
      37.757232
     ]
    ]
   }
  },
  {
   "type": "Feature",
   "properties": {
    "name": "South Van Ness Avenue",
    "highway": "secondary"
   },
   "geometry": {
    "type": "LineString",
    "coordinates": [
     [
      -122.415966,
      37.757232
     ],
     [
      -122.416093,
      37.758833
     ]
    ]
   }
  },
  {
   "type": "Feature",
   "properties": {
    "name": "South Van Ness Avenue",
    "highway": "secondary"
   },
   "geometry": {
    "type": "LineString",
    "coordinates": [
     [
      -122.416093,
      37.758833
     ],
     [
      -122.41622,
      37.760433
     ]
    ]
   }
  },
  {
   "type": "Feature",
   "properties": {
    "name": "South Van Ness Avenue",
    "highway": "secondary"
   },
   "geometry": {
    "type": "LineString",
    "coordinates": [
     [
      -122.41622,
      37.760433
     ],
     [
      -122.416347,
      37.762034
     ]
    ]
   }
  },
  {
   "type": "Feature",
   "properties": {
    "name": "South Van Ness Avenue",
    "highway": "secondary"
   },
   "geometry": {
    "type": "LineString",
    "coordinates": [
     [
      -122.416347,
      37.762034
     ],
     [
      -122.416474,
      37.763634
     ]
    ]
   }
  },
  {
   "type": "Feature",
   "properties": {
    "name": "South Van Ness Avenue",
    "highway": "secondary"
   },
   "geometry": {
    "type": "LineString",
    "coordinates": [
     [
      -122.416474,
      37.763634
     ],
     [
      -122.416601,
      37.765235
     ]
    ]
   }
  },
  {
   "type": "Feature",
   "properties": {
    "name": "South Van Ness Avenue",
    "highway": "secondary"
   },
   "geometry": {
    "type": "LineString",
    "coordinates": [
     [
      -122.416601,
      37.765235
     ],
     [
      -122.416855,
      37.768436
     ]
    ]
   }
  },
  {
   "type": "Feature",
   "properties": {
    "name": "South Van Ness Avenue",
    "highway": "secondary"
   },
   "geometry": {
    "type": "LineString",
    "coordinates": [
     [
      -122.416855,
      37.768436
     ],
     [
      -122.416964,
      37.769815
     ]
    ]
   }
  },
  {
   "type": "Feature",
   "properties": {
    "name": "Folsom Street",
    "highway": "secondary"
   },
   "geometry": {
    "type": "LineString",
    "coordinates": [
     [
      -122.412387,
      37.752591
     ],
     [
      -122.412514,
      37.754191
     ]
    ]
   }
  },
  {
   "type": "Feature",
   "properties": {
    "name": "Folsom Street",
    "highway": "secondary"
   },
   "geometry": {
    "type": "LineString",
    "coordinates": [
     [
      -122.412514,
      37.754191
     ],
     [
      -122.412641,
      37.755792
     ]
    ]
   }
  },
  {
   "type": "Feature",
   "properties": {
    "name": "Folsom Street",
    "highway": "secondary"
   },
   "geometry": {
    "type": "LineString",
    "coordinates": [
     [
      -122.412641,
      37.755792
     ],
     [
      -122.412768,
      37.757392
     ]
    ]
   }
  },
  {
   "type": "Feature",
   "properties": {
    "name": "Folsom Street",
    "highway": "secondary"
   },
   "geometry": {
    "type": "LineString",
    "coordinates": [
     [
      -122.412768,
      37.757392
     ],
     [
      -122.412895,
      37.758992
     ]
    ]
   }
  },
  {
   "type": "Feature",
   "properties": {
    "name": "Folsom Street",
    "highway": "secondary"
   },
   "geometry": {
    "type": "LineString",
    "coordinates": [
     [
      -122.412895,
      37.758992
     ],
     [
      -122.413022,
      37.760593
     ]
    ]
   }
  },
  {
   "type": "Feature",
   "properties": {
    "name": "Folsom Street",
    "highway": "secondary"
   },
   "geometry": {
    "type": "LineString",
    "coordinates": [
     [
      -122.413022,
      37.760593
     ],
     [
      -122.413149,
      37.762193
     ]
    ]
   }
  },
  {
   "type": "Feature",
   "properties": {
    "name": "Folsom Street",
    "highway": "secondary"
   },
   "geometry": {
    "type": "LineString",
    "coordinates": [
     [
      -122.413149,
      37.762193
     ],
     [
      -122.413276,
      37.763794
     ]
    ]
   }
  },
  {
   "type": "Feature",
   "properties": {
    "name": "Folsom Street",
    "highway": "secondary"
   },
   "geometry": {
    "type": "LineString",
    "coordinates": [
     [
      -122.413276,
      37.763794
     ],
     [
      -122.413403,
      37.765394
     ]
    ]
   }
  },
  {
   "type": "Feature",
   "properties": {
    "name": "Folsom Street",
    "highway": "secondary"
   },
   "geometry": {
    "type": "LineString",
    "coordinates": [
     [
      -122.413403,
      37.765394
     ],
     [
      -122.413657,
      37.768595
     ]
    ]
   }
  },
  {
   "type": "Feature",
   "properties": {
    "name": "Folsom Street",
    "highway": "secondary"
   },
   "geometry": {
    "type": "LineString",
    "coordinates": [
     [
      -122.413657,
      37.768595
     ],
     [
      -122.413788,
      37.770245
     ]
    ]
   }
  },
  {
   "type": "Feature",
   "properties": {
    "name": "Harrison Street",
    "highway": "secondary"
   },
   "geometry": {
    "type": "LineString",
    "coordinates": [
     [
      -122.41098,
      37.752661
     ],
     [
      -122.411107,
      37.754261
     ]
    ]
   }
  },
  {
   "type": "Feature",
   "properties": {
    "name": "Harrison Street",
    "highway": "secondary"
   },
   "geometry": {
    "type": "LineString",
    "coordinates": [
     [
      -122.411107,
      37.754261
     ],
     [
      -122.411234,
      37.755862
     ]
    ]
   }
  },
  {
   "type": "Feature",
   "properties": {
    "name": "Harrison Street",
    "highway": "secondary"
   },
   "geometry": {
    "type": "LineString",
    "coordinates": [
     [
      -122.411234,
      37.755862
     ],
     [
      -122.411361,
      37.757462
     ]
    ]
   }
  },
  {
   "type": "Feature",
   "properties": {
    "name": "Harrison Street",
    "highway": "secondary"
   },
   "geometry": {
    "type": "LineString",
    "coordinates": [
     [
      -122.411361,
      37.757462
     ],
     [
      -122.411488,
      37.759063
     ]
    ]
   }
  },
  {
   "type": "Feature",
   "properties": {
    "name": "Harrison Street",
    "highway": "secondary"
   },
   "geometry": {
    "type": "LineString",
    "coordinates": [
     [
      -122.411488,
      37.759063
     ],
     [
      -122.411615,
      37.760663
     ]
    ]
   }
  },
  {
   "type": "Feature",
   "properties": {
    "name": "Harrison Street",
    "highway": "secondary"
   },
   "geometry": {
    "type": "LineString",
    "coordinates": [
     [
      -122.411615,
      37.760663
     ],
     [
      -122.411742,
      37.762263
     ]
    ]
   }
  },
  {
   "type": "Feature",
   "properties": {
    "name": "Harrison Street",
    "highway": "secondary"
   },
   "geometry": {
    "type": "LineString",
    "coordinates": [
     [
      -122.411742,
      37.762263
     ],
     [
      -122.411869,
      37.763864
     ]
    ]
   }
  },
  {
   "type": "Feature",
   "properties": {
    "name": "Harrison Street",
    "highway": "secondary"
   },
   "geometry": {
    "type": "LineString",
    "coordinates": [
     [
      -122.411869,
      37.763864
     ],
     [
      -122.411996,
      37.765464
     ]
    ]
   }
  },
  {
   "type": "Feature",
   "properties": {
    "name": "Harrison Street",
    "highway": "secondary"
   },
   "geometry": {
    "type": "LineString",
    "coordinates": [
     [
      -122.411996,
      37.765464
     ],
     [
      -122.41225,
      37.768665
     ]
    ]
   }
  },
  {
   "type": "Feature",
   "properties": {
    "name": "Harrison Street",
    "highway": "secondary"
   },
   "geometry": {
    "type": "LineString",
    "coordinates": [
     [
      -122.41225,
      37.768665
     ],
     [
      -122.412391,
      37.770434
     ]
    ]
   }
  },
  {
   "type": "Feature",
   "properties": {
    "name": "Bryant Street",
    "highway": "secondary"
   },
   "geometry": {
    "type": "LineString",
    "coordinates": [
     [
      -122.408485,
      37.752785
     ],
     [
      -122.408612,
      37.754386
     ]
    ]
   }
  },
  {
   "type": "Feature",
   "properties": {
    "name": "Bryant Street",
    "highway": "secondary"
   },
   "geometry": {
    "type": "LineString",
    "coordinates": [
     [
      -122.408612,
      37.754386
     ],
     [
      -122.408739,
      37.755986
     ]
    ]
   }
  },
  {
   "type": "Feature",
   "properties": {
    "name": "Bryant Street",
    "highway": "secondary"
   },
   "geometry": {
    "type": "LineString",
    "coordinates": [
     [
      -122.408739,
      37.755986
     ],
     [
      -122.408866,
      37.757587
     ]
    ]
   }
  },
  {
   "type": "Feature",
   "properties": {
    "name": "Bryant Street",
    "highway": "secondary"
   },
   "geometry": {
    "type": "LineString",
    "coordinates": [
     [
      -122.408866,
      37.757587
     ],
     [
      -122.408993,
      37.759187
     ]
    ]
   }
  },
  {
   "type": "Feature",
   "properties": {
    "name": "Bryant Street",
    "highway": "secondary"
   },
   "geometry": {
    "type": "LineString",
    "coordinates": [
     [
      -122.408993,
      37.759187
     ],
     [
      -122.40912,
      37.760787
     ]
    ]
   }
  },
  {
   "type": "Feature",
   "properties": {
    "name": "Bryant Street",
    "highway": "secondary"
   },
   "geometry": {
    "type": "LineString",
    "coordinates": [
     [
      -122.40912,
      37.760787
     ],
     [
      -122.409247,
      37.762388
     ]
    ]
   }
  },
  {
   "type": "Feature",
   "properties": {
    "name": "Bryant Street",
    "highway": "secondary"
   },
   "geometry": {
    "type": "LineString",
    "coordinates": [
     [
      -122.409247,
      37.762388
     ],
     [
      -122.409374,
      37.763988
     ]
    ]
   }
  },
  {
   "type": "Feature",
   "properties": {
    "name": "Bryant Street",
    "highway": "secondary"
   },
   "geometry": {
    "type": "LineString",
    "coordinates": [
     [
      -122.409374,
      37.763988
     ],
     [
      -122.409501,
      37.765589
     ]
    ]
   }
  },
  {
   "type": "Feature",
   "properties": {
    "name": "Bryant Street",
    "highway": "secondary"
   },
   "geometry": {
    "type": "LineString",
    "coordinates": [
     [
      -122.409501,
      37.765589
     ],
     [
      -122.409755,
      37.76879
     ]
    ]
   }
  },
  {
   "type": "Feature",
   "properties": {
    "name": "Bryant Street",
    "highway": "secondary"
   },
   "geometry": {
    "type": "LineString",
    "coordinates": [
     [
      -122.409755,
      37.76879
     ],
     [
      -122.409912,
      37.77077
     ]
    ]
   }
  },
  {
   "type": "Feature",
   "properties": {
    "name": "Potrero Avenue",
    "highway": "primary"
   },
   "geometry": {
    "type": "LineString",
    "coordinates": [
     [
      -122.406376,
      37.75289
     ],
     [
      -122.406503,
      37.754491
     ]
    ]
   }
  },
  {
   "type": "Feature",
   "properties": {
    "name": "Potrero Avenue",
    "highway": "primary"
   },
   "geometry": {
    "type": "LineString",
    "coordinates": [
     [
      -122.406503,
      37.754491
     ],
     [
      -122.40663,
      37.756091
     ]
    ]
   }
  },
  {
   "type": "Feature",
   "properties": {
    "name": "Potrero Avenue",
    "highway": "primary"
   },
   "geometry": {
    "type": "LineString",
    "coordinates": [
     [
      -122.40663,
      37.756091
     ],
     [
      -122.406757,
      37.757692
     ]
    ]
   }
  },
  {
   "type": "Feature",
   "properties": {
    "name": "Potrero Avenue",
    "highway": "primary"
   },
   "geometry": {
    "type": "LineString",
    "coordinates": [
     [
      -122.406757,
      37.757692
     ],
     [
      -122.406884,
      37.759292
     ]
    ]
   }
  },
  {
   "type": "Feature",
   "properties": {
    "name": "Potrero Avenue",
    "highway": "primary"
   },
   "geometry": {
    "type": "LineString",
    "coordinates": [
     [
      -122.406884,
      37.759292
     ],
     [
      -122.407011,
      37.760893
     ]
    ]
   }
  },
  {
   "type": "Feature",
   "properties": {
    "name": "Potrero Avenue",
    "highway": "primary"
   },
   "geometry": {
    "type": "LineString",
    "coordinates": [
     [
      -122.407011,
      37.760893
     ],
     [
      -122.407138,
      37.762493
     ]
    ]
   }
  },
  {
   "type": "Feature",
   "properties": {
    "name": "Potrero Avenue",
    "highway": "primary"
   },
   "geometry": {
    "type": "LineString",
    "coordinates": [
     [
      -122.407138,
      37.762493
     ],
     [
      -122.407265,
      37.764094
     ]
    ]
   }
  },
  {
   "type": "Feature",
   "properties": {
    "name": "Potrero Avenue",
    "highway": "primary"
   },
   "geometry": {
    "type": "LineString",
    "coordinates": [
     [
      -122.407265,
      37.764094
     ],
     [
      -122.407392,
      37.765694
     ]
    ]
   }
  },
  {
   "type": "Feature",
   "properties": {
    "name": "Potrero Avenue",
    "highway": "primary"
   },
   "geometry": {
    "type": "LineString",
    "coordinates": [
     [
      -122.407392,
      37.765694
     ],
     [
      -122.407646,
      37.768895
     ]
    ]
   }
  },
  {
   "type": "Feature",
   "properties": {
    "name": "Potrero Avenue",
    "highway": "primary"
   },
   "geometry": {
    "type": "LineString",
    "coordinates": [
     [
      -122.407646,
      37.768895
     ],
     [
      -122.407817,
      37.771054
     ]
    ]
   }
  },
  {
   "type": "Feature",
   "properties": {
    "name": "Vermont Street",
    "highway": "residential"
   },
   "geometry": {
    "type": "LineString",
    "coordinates": [
     [
      -122.405185,
      37.75295
     ],
     [
      -122.405439,
      37.756151
     ]
    ]
   }
  },
  {
   "type": "Feature",
   "properties": {
    "name": "Vermont Street",
    "highway": "residential"
   },
   "geometry": {
    "type": "LineString",
    "coordinates": [
     [
      -122.405439,
      37.756151
     ],
     [
      -122.405947,
      37.762552
     ]
    ]
   }
  },
  {
   "type": "Feature",
   "properties": {
    "name": "Vermont Street",
    "highway": "residential"
   },
   "geometry": {
    "type": "LineString",
    "coordinates": [
     [
      -122.405947,
      37.762552
     ],
     [
      -122.406201,
      37.765753
     ]
    ]
   }
  },
  {
   "type": "Feature",
   "properties": {
    "name": "Rhode Island Street",
    "highway": "residential"
   },
   "geometry": {
    "type": "LineString",
    "coordinates": [
     [
      -122.402803,
      37.753069
     ],
     [
      -122.403057,
      37.75627
     ]
    ]
   }
  },
  {
   "type": "Feature",
   "properties": {
    "name": "Rhode Island Street",
    "highway": "residential"
   },
   "geometry": {
    "type": "LineString",
    "coordinates": [
     [
      -122.403057,
      37.75627
     ],
     [
      -122.403565,
      37.762671
     ]
    ]
   }
  },
  {
   "type": "Feature",
   "properties": {
    "name": "Rhode Island Street",
    "highway": "residential"
   },
   "geometry": {
    "type": "LineString",
    "coordinates": [
     [
      -122.403565,
      37.762671
     ],
     [
      -122.403819,
      37.765872
     ]
    ]
   }
  },
  {
   "type": "Feature",
   "properties": {
    "name": "De Haro Street",
    "highway": "residential"
   },
   "geometry": {
    "type": "LineString",
    "coordinates": [
     [
      -122.401612,
      37.753128
     ],
     [
      -122.401866,
      37.756329
     ]
    ]
   }
  },
  {
   "type": "Feature",
   "properties": {
    "name": "De Haro Street",
    "highway": "residential"
   },
   "geometry": {
    "type": "LineString",
    "coordinates": [
     [
      -122.401866,
      37.756329
     ],
     [
      -122.402374,
      37.762731
     ]
    ]
   }
  },
  {
   "type": "Feature",
   "properties": {
    "name": "De Haro Street",
    "highway": "residential"
   },
   "geometry": {
    "type": "LineString",
    "coordinates": [
     [
      -122.402374,
      37.762731
     ],
     [
      -122.402628,
      37.765932
     ]
    ]
   }
  },
  {
   "type": "Feature",
   "properties": {
    "name": "Wisconsin Street",
    "highway": "residential"
   },
   "geometry": {
    "type": "LineString",
    "coordinates": [
     [
      -122.399231,
      37.753247
     ],
     [
      -122.399485,
      37.756448
     ]
    ]
   }
  },
  {
   "type": "Feature",
   "properties": {
    "name": "Wisconsin Street",
    "highway": "residential"
   },
   "geometry": {
    "type": "LineString",
    "coordinates": [
     [
      -122.399485,
      37.756448
     ],
     [
      -122.399993,
      37.762849
     ]
    ]
   }
  },
  {
   "type": "Feature",
   "properties": {
    "name": "Wisconsin Street",
    "highway": "residential"
   },
   "geometry": {
    "type": "LineString",
    "coordinates": [
     [
      -122.399993,
      37.762849
     ],
     [
      -122.400247,
      37.76605
     ]
    ]
   }
  },
  {
   "type": "Feature",
   "properties": {
    "name": "Connecticut Street",
    "highway": "residential"
   },
   "geometry": {
    "type": "LineString",
    "coordinates": [
     [
      -122.396849,
      37.753366
     ],
     [
      -122.397103,
      37.756567
     ]
    ]
   }
  },
  {
   "type": "Feature",
   "properties": {
    "name": "Connecticut Street",
    "highway": "residential"
   },
   "geometry": {
    "type": "LineString",
    "coordinates": [
     [
      -122.397103,
      37.756567
     ],
     [
      -122.397611,
      37.762968
     ]
    ]
   }
  },
  {
   "type": "Feature",
   "properties": {
    "name": "Connecticut Street",
    "highway": "residential"
   },
   "geometry": {
    "type": "LineString",
    "coordinates": [
     [
      -122.397611,
      37.762968
     ],
     [
      -122.397865,
      37.766169
     ]
    ]
   }
  },
  {
   "type": "Feature",
   "properties": {
    "name": "Missouri Street",
    "highway": "residential"
   },
   "geometry": {
    "type": "LineString",
    "coordinates": [
     [
      -122.395658,
      37.753425
     ],
     [
      -122.395912,
      37.756626
     ]
    ]
   }
  },
  {
   "type": "Feature",
   "properties": {
    "name": "Missouri Street",
    "highway": "residential"
   },
   "geometry": {
    "type": "LineString",
    "coordinates": [
     [
      -122.395912,
      37.756626
     ],
     [
      -122.39642,
      37.763028
     ]
    ]
   }
  },
  {
   "type": "Feature",
   "properties": {
    "name": "Missouri Street",
    "highway": "residential"
   },
   "geometry": {
    "type": "LineString",
    "coordinates": [
     [
      -122.39642,
      37.763028
     ],
     [
      -122.396674,
      37.766229
     ]
    ]
   }
  },
  {
   "type": "Feature",
   "properties": {
    "name": "Mississippi Street",
    "highway": "residential"
   },
   "geometry": {
    "type": "LineString",
    "coordinates": [
     [
      -122.393277,
      37.753544
     ],
     [
      -122.393531,
      37.756745
     ]
    ]
   }
  },
  {
   "type": "Feature",
   "properties": {
    "name": "Mississippi Street",
    "highway": "residential"
   },
   "geometry": {
    "type": "LineString",
    "coordinates": [
     [
      -122.393531,
      37.756745
     ],
     [
      -122.394039,
      37.763146
     ]
    ]
   }
  },
  {
   "type": "Feature",
   "properties": {
    "name": "Mississippi Street",
    "highway": "residential"
   },
   "geometry": {
    "type": "LineString",
    "coordinates": [
     [
      -122.394039,
      37.763146
     ],
     [
      -122.394293,
      37.766347
     ]
    ]
   }
  },
  {
   "type": "Feature",
   "properties": {
    "name": "Pennsylvania Avenue",
    "highway": "residential"
   },
   "geometry": {
    "type": "LineString",
    "coordinates": [
     [
      -122.392086,
      37.753603
     ],
     [
      -122.39234,
      37.756804
     ]
    ]
   }
  },
  {
   "type": "Feature",
   "properties": {
    "name": "Pennsylvania Avenue",
    "highway": "residential"
   },
   "geometry": {
    "type": "LineString",
    "coordinates": [
     [
      -122.39234,
      37.756804
     ],
     [
      -122.392848,
      37.763206
     ]
    ]
   }
  },
  {
   "type": "Feature",
   "properties": {
    "name": "Pennsylvania Avenue",
    "highway": "residential"
   },
   "geometry": {
    "type": "LineString",
    "coordinates": [
     [
      -122.392848,
      37.763206
     ],
     [
      -122.393102,
      37.766407
     ]
    ]
   }
  },
  {
   "type": "Feature",
   "properties": {
    "name": "Indiana Street",
    "highway": "residential"
   },
   "geometry": {
    "type": "LineString",
    "coordinates": [
     [
      -122.390895,
      37.753663
     ],
     [
      -122.391149,
      37.756863
     ]
    ]
   }
  },
  {
   "type": "Feature",
   "properties": {
    "name": "Indiana Street",
    "highway": "residential"
   },
   "geometry": {
    "type": "LineString",
    "coordinates": [
     [
      -122.391149,
      37.756863
     ],
     [
      -122.391657,
      37.763265
     ]
    ]
   }
  },
  {
   "type": "Feature",
   "properties": {
    "name": "Indiana Street",
    "highway": "residential"
   },
   "geometry": {
    "type": "LineString",
    "coordinates": [
     [
      -122.391657,
      37.763265
     ],
     [
      -122.391911,
      37.766466
     ]
    ]
   }
  },
  {
   "type": "Feature",
   "properties": {
    "name": "Minnesota Street",
    "highway": "residential"
   },
   "geometry": {
    "type": "LineString",
    "coordinates": [
     [
      -122.389704,
      37.753722
     ],
     [
      -122.389958,
      37.756923
     ]
    ]
   }
  },
  {
   "type": "Feature",
   "properties": {
    "name": "Minnesota Street",
    "highway": "residential"
   },
   "geometry": {
    "type": "LineString",
    "coordinates": [
     [
      -122.389958,
      37.756923
     ],
     [
      -122.390466,
      37.763325
     ]
    ]
   }
  },
  {
   "type": "Feature",
   "properties": {
    "name": "Minnesota Street",
    "highway": "residential"
   },
   "geometry": {
    "type": "LineString",
    "coordinates": [
     [
      -122.390466,
      37.763325
     ],
     [
      -122.39072,
      37.766526
     ]
    ]
   }
  },
  {
   "type": "Feature",
   "properties": {
    "name": "3rd Street",
    "highway": "secondary",
    "bicycle": "yes"
   },
   "geometry": {
    "type": "LineString",
    "coordinates": [
     [
      -122.387322,
      37.753841
     ],
     [
      -122.387576,
      37.757042
     ]
    ]
   }
  },
  {
   "type": "Feature",
   "properties": {
    "name": "3rd Street",
    "highway": "secondary",
    "bicycle": "yes"
   },
   "geometry": {
    "type": "LineString",
    "coordinates": [
     [
      -122.387576,
      37.757042
     ],
     [
      -122.388084,
      37.763443
     ]
    ]
   }
  },
  {
   "type": "Feature",
   "properties": {
    "name": "3rd Street",
    "highway": "secondary",
    "bicycle": "yes"
   },
   "geometry": {
    "type": "LineString",
    "coordinates": [
     [
      -122.388084,
      37.763443
     ],
     [
      -122.388338,
      37.766644
     ]
    ]
   }
  },
  {
   "type": "Feature",
   "properties": {
    "name": "Mission Street",
    "highway": "primary",
    "bicycle": "yes"
   },
   "geometry": {
    "type": "LineString",
    "coordinates": [
     [
      -122.41999,
      37.773053
     ],
     [
      -122.418063,
      37.774531
     ]
    ]
   }
  },
  {
   "type": "Feature",
   "properties": {
    "name": "Mission Street",
    "highway": "primary",
    "bicycle": "yes"
   },
   "geometry": {
    "type": "LineString",
    "coordinates": [
     [
      -122.418063,
      37.774531
     ],
     [
      -122.416144,
      37.776004
     ]
    ]
   }
  },
  {
   "type": "Feature",
   "properties": {
    "name": "Mission Street",
    "highway": "primary",
    "bicycle": "yes"
   },
   "geometry": {
    "type": "LineString",
    "coordinates": [
     [
      -122.416144,
      37.776004
     ],
     [
      -122.414216,
      37.777482
     ]
    ]
   }
  },
  {
   "type": "Feature",
   "properties": {
    "name": "Mission Street",
    "highway": "primary",
    "bicycle": "yes"
   },
   "geometry": {
    "type": "LineString",
    "coordinates": [
     [
      -122.414216,
      37.777482
     ],
     [
      -122.412289,
      37.778961
     ]
    ]
   }
  },
  {
   "type": "Feature",
   "properties": {
    "name": "Mission Street",
    "highway": "primary",
    "bicycle": "yes"
   },
   "geometry": {
    "type": "LineString",
    "coordinates": [
     [
      -122.412289,
      37.778961
     ],
     [
      -122.41037,
      37.780433
     ]
    ]
   }
  },
  {
   "type": "Feature",
   "properties": {
    "name": "Mission Street",
    "highway": "primary",
    "bicycle": "yes"
   },
   "geometry": {
    "type": "LineString",
    "coordinates": [
     [
      -122.41037,
      37.780433
     ],
     [
      -122.408443,
      37.781912
     ]
    ]
   }
  },
  {
   "type": "Feature",
   "properties": {
    "name": "Mission Street",
    "highway": "primary",
    "bicycle": "yes"
   },
   "geometry": {
    "type": "LineString",
    "coordinates": [
     [
      -122.408443,
      37.781912
     ],
     [
      -122.406524,
      37.783384
     ]
    ]
   }
  },
  {
   "type": "Feature",
   "properties": {
    "name": "Mission Street",
    "highway": "primary",
    "bicycle": "yes"
   },
   "geometry": {
    "type": "LineString",
    "coordinates": [
     [
      -122.406524,
      37.783384
     ],
     [
      -122.404597,
      37.784862
     ]
    ]
   }
  },
  {
   "type": "Feature",
   "properties": {
    "name": "Mission Street",
    "highway": "primary",
    "bicycle": "yes"
   },
   "geometry": {
    "type": "LineString",
    "coordinates": [
     [
      -122.404597,
      37.784862
     ],
     [
      -122.402678,
      37.786335
     ]
    ]
   }
  },
  {
   "type": "Feature",
   "properties": {
    "name": "Mission Street",
    "highway": "primary",
    "bicycle": "yes"
   },
   "geometry": {
    "type": "LineString",
    "coordinates": [
     [
      -122.402678,
      37.786335
     ],
     [
      -122.400751,
      37.787813
     ]
    ]
   }
  },
  {
   "type": "Feature",
   "properties": {
    "name": "Howard Street",
    "highway": "secondary",
    "oneway": "yes",
    "bicycle": "yes"
   },
   "geometry": {
    "type": "LineString",
    "coordinates": [
     [
      -122.418291,
      37.771661
     ],
     [
      -122.416364,
      37.773139
     ]
    ]
   }
  },
  {
   "type": "Feature",
   "properties": {
    "name": "Howard Street",
    "highway": "secondary",
    "oneway": "yes",
    "bicycle": "yes"
   },
   "geometry": {
    "type": "LineString",
    "coordinates": [
     [
      -122.416364,
      37.773139
     ],
     [
      -122.414445,
      37.774612
     ]
    ]
   }
  },
  {
   "type": "Feature",
   "properties": {
    "name": "Howard Street",
    "highway": "secondary",
    "oneway": "yes",
    "bicycle": "yes"
   },
   "geometry": {
    "type": "LineString",
    "coordinates": [
     [
      -122.414445,
      37.774612
     ],
     [
      -122.412517,
      37.77609
     ]
    ]
   }
  },
  {
   "type": "Feature",
   "properties": {
    "name": "Howard Street",
    "highway": "secondary",
    "oneway": "yes",
    "bicycle": "yes"
   },
   "geometry": {
    "type": "LineString",
    "coordinates": [
     [
      -122.412517,
      37.77609
     ],
     [
      -122.41059,
      37.777569
     ]
    ]
   }
  },
  {
   "type": "Feature",
   "properties": {
    "name": "Howard Street",
    "highway": "secondary",
    "oneway": "yes",
    "bicycle": "yes"
   },
   "geometry": {
    "type": "LineString",
    "coordinates": [
     [
      -122.41059,
      37.777569
     ],
     [
      -122.408671,
      37.779041
     ]
    ]
   }
  },
  {
   "type": "Feature",
   "properties": {
    "name": "Howard Street",
    "highway": "secondary",
    "oneway": "yes",
    "bicycle": "yes"
   },
   "geometry": {
    "type": "LineString",
    "coordinates": [
     [
      -122.408671,
      37.779041
     ],
     [
      -122.406744,
      37.78052
     ]
    ]
   }
  },
  {
   "type": "Feature",
   "properties": {
    "name": "Howard Street",
    "highway": "secondary",
    "oneway": "yes",
    "bicycle": "yes"
   },
   "geometry": {
    "type": "LineString",
    "coordinates": [
     [
      -122.406744,
      37.78052
     ],
     [
      -122.404825,
      37.781992
     ]
    ]
   }
  },
  {
   "type": "Feature",
   "properties": {
    "name": "Howard Street",
    "highway": "secondary",
    "oneway": "yes",
    "bicycle": "yes"
   },
   "geometry": {
    "type": "LineString",
    "coordinates": [
     [
      -122.404825,
      37.781992
     ],
     [
      -122.402898,
      37.78347
     ]
    ]
   }
  },
  {
   "type": "Feature",
   "properties": {
    "name": "Howard Street",
    "highway": "secondary",
    "oneway": "yes",
    "bicycle": "yes"
   },
   "geometry": {
    "type": "LineString",
    "coordinates": [
     [
      -122.402898,
      37.78347
     ],
     [
      -122.400979,
      37.784943
     ]
    ]
   }
  },
  {
   "type": "Feature",
   "properties": {
    "name": "Howard Street",
    "highway": "secondary",
    "oneway": "yes",
    "bicycle": "yes"
   },
   "geometry": {
    "type": "LineString",
    "coordinates": [
     [
      -122.400979,
      37.784943
     ],
     [
      -122.399052,
      37.786421
     ]
    ]
   }
  },
  {
   "type": "Feature",
   "properties": {
    "name": "Howard Street",
    "highway": "secondary",
    "oneway": "yes",
    "bicycle": "yes"
   },
   "geometry": {
    "type": "LineString",
    "coordinates": [
     [
      -122.399052,
      37.786421
     ],
     [
      -122.395393,
      37.789228
     ]
    ]
   }
  },
  {
   "type": "Feature",
   "properties": {
    "name": "Folsom Street",
    "highway": "secondary",
    "bicycle": "designated"
   },
   "geometry": {
    "type": "LineString",
    "coordinates": [
     [
      -122.416513,
      37.770204
     ],
     [
      -122.414586,
      37.771683
     ]
    ]
   }
  },
  {
   "type": "Feature",
   "properties": {
    "name": "Folsom Street",
    "highway": "secondary",
    "bicycle": "designated"
   },
   "geometry": {
    "type": "LineString",
    "coordinates": [
     [
      -122.414586,
      37.771683
     ],
     [
      -122.412667,
      37.773155
     ]
    ]
   }
  },
  {
   "type": "Feature",
   "properties": {
    "name": "Folsom Street",
    "highway": "secondary",
    "bicycle": "designated"
   },
   "geometry": {
    "type": "LineString",
    "coordinates": [
     [
      -122.412667,
      37.773155
     ],
     [
      -122.410739,
      37.774634
     ]
    ]
   }
  },
  {
   "type": "Feature",
   "properties": {
    "name": "Folsom Street",
    "highway": "secondary",
    "bicycle": "designated"
   },
   "geometry": {
    "type": "LineString",
    "coordinates": [
     [
      -122.410739,
      37.774634
     ],
     [
      -122.408812,
      37.776112
     ]
    ]
   }
  },
  {
   "type": "Feature",
   "properties": {
    "name": "Folsom Street",
    "highway": "secondary",
    "bicycle": "designated"
   },
   "geometry": {
    "type": "LineString",
    "coordinates": [
     [
      -122.408812,
      37.776112
     ],
     [
      -122.406893,
      37.777584
     ]
    ]
   }
  },
  {
   "type": "Feature",
   "properties": {
    "name": "Folsom Street",
    "highway": "secondary",
    "bicycle": "designated"
   },
   "geometry": {
    "type": "LineString",
    "coordinates": [
     [
      -122.406893,
      37.777584
     ],
     [
      -122.404966,
      37.779063
     ]
    ]
   }
  },
  {
   "type": "Feature",
   "properties": {
    "name": "Folsom Street",
    "highway": "secondary",
    "bicycle": "designated"
   },
   "geometry": {
    "type": "LineString",
    "coordinates": [
     [
      -122.404966,
      37.779063
     ],
     [
      -122.403047,
      37.780535
     ]
    ]
   }
  },
  {
   "type": "Feature",
   "properties": {
    "name": "Folsom Street",
    "highway": "secondary",
    "bicycle": "designated"
   },
   "geometry": {
    "type": "LineString",
    "coordinates": [
     [
      -122.403047,
      37.780535
     ],
     [
      -122.40112,
      37.782014
     ]
    ]
   }
  },
  {
   "type": "Feature",
   "properties": {
    "name": "Folsom Street",
    "highway": "secondary",
    "bicycle": "designated"
   },
   "geometry": {
    "type": "LineString",
    "coordinates": [
     [
      -122.40112,
      37.782014
     ],
     [
      -122.399201,
      37.783486
     ]
    ]
   }
  },
  {
   "type": "Feature",
   "properties": {
    "name": "Folsom Street",
    "highway": "secondary",
    "bicycle": "designated"
   },
   "geometry": {
    "type": "LineString",
    "coordinates": [
     [
      -122.399201,
      37.783486
     ],
     [
      -122.397274,
      37.784965
     ]
    ]
   }
  },
  {
   "type": "Feature",
   "properties": {
    "name": "Folsom Street",
    "highway": "secondary",
    "bicycle": "designated"
   },
   "geometry": {
    "type": "LineString",
    "coordinates": [
     [
      -122.397274,
      37.784965
     ],
     [
      -122.393615,
      37.787771
     ]
    ]
   }
  },
  {
   "type": "Feature",
   "properties": {
    "name": "Harrison Street",
    "highway": "secondary",
    "oneway": "yes"
   },
   "geometry": {
    "type": "LineString",
    "coordinates": [
     [
      -122.414814,
      37.768812
     ],
     [
      -122.412887,
      37.770291
     ]
    ]
   }
  },
  {
   "type": "Feature",
   "properties": {
    "name": "Harrison Street",
    "highway": "secondary",
    "oneway": "yes"
   },
   "geometry": {
    "type": "LineString",
    "coordinates": [
     [
      -122.412887,
      37.770291
     ],
     [
      -122.410968,
      37.771763
     ]
    ]
   }
  },
  {
   "type": "Feature",
   "properties": {
    "name": "Harrison Street",
    "highway": "secondary",
    "oneway": "yes"
   },
   "geometry": {
    "type": "LineString",
    "coordinates": [
     [
      -122.410968,
      37.771763
     ],
     [
      -122.40904,
      37.773242
     ]
    ]
   }
  },
  {
   "type": "Feature",
   "properties": {
    "name": "Harrison Street",
    "highway": "secondary",
    "oneway": "yes"
   },
   "geometry": {
    "type": "LineString",
    "coordinates": [
     [
      -122.40904,
      37.773242
     ],
     [
      -122.407113,
      37.77472
     ]
    ]
   }
  },
  {
   "type": "Feature",
   "properties": {
    "name": "Harrison Street",
    "highway": "secondary",
    "oneway": "yes"
   },
   "geometry": {
    "type": "LineString",
    "coordinates": [
     [
      -122.407113,
      37.77472
     ],
     [
      -122.405194,
      37.776193
     ]
    ]
   }
  },
  {
   "type": "Feature",
   "properties": {
    "name": "Harrison Street",
    "highway": "secondary",
    "oneway": "yes"
   },
   "geometry": {
    "type": "LineString",
    "coordinates": [
     [
      -122.405194,
      37.776193
     ],
     [
      -122.403267,
      37.777671
     ]
    ]
   }
  },
  {
   "type": "Feature",
   "properties": {
    "name": "Harrison Street",
    "highway": "secondary",
    "oneway": "yes"
   },
   "geometry": {
    "type": "LineString",
    "coordinates": [
     [
      -122.403267,
      37.777671
     ],
     [
      -122.401348,
      37.779143
     ]
    ]
   }
  },
  {
   "type": "Feature",
   "properties": {
    "name": "Harrison Street",
    "highway": "secondary",
    "oneway": "yes"
   },
   "geometry": {
    "type": "LineString",
    "coordinates": [
     [
      -122.401348,
      37.779143
     ],
     [
      -122.399421,
      37.780622
     ]
    ]
   }
  },
  {
   "type": "Feature",
   "properties": {
    "name": "Harrison Street",
    "highway": "secondary",
    "oneway": "yes"
   },
   "geometry": {
    "type": "LineString",
    "coordinates": [
     [
      -122.399421,
      37.780622
     ],
     [
      -122.397502,
      37.782094
     ]
    ]
   }
  },
  {
   "type": "Feature",
   "properties": {
    "name": "Harrison Street",
    "highway": "secondary",
    "oneway": "yes"
   },
   "geometry": {
    "type": "LineString",
    "coordinates": [
     [
      -122.397502,
      37.782094
     ],
     [
      -122.395575,
      37.783573
     ]
    ]
   }
  },
  {
   "type": "Feature",
   "properties": {
    "name": "Harrison Street",
    "highway": "secondary",
    "oneway": "yes"
   },
   "geometry": {
    "type": "LineString",
    "coordinates": [
     [
      -122.395575,
      37.783573
     ],
     [
      -122.391916,
      37.786379
     ]
    ]
   }
  },
  {
   "type": "Feature",
   "properties": {
    "name": "Bryant Street",
    "highway": "secondary",
    "oneway": "yes"
   },
   "geometry": {
    "type": "LineString",
    "coordinates": [
     [
      -122.413115,
      37.76742
     ],
     [
      -122.411188,
      37.768899
     ]
    ]
   }
  },
  {
   "type": "Feature",
   "properties": {
    "name": "Bryant Street",
    "highway": "secondary",
    "oneway": "yes"
   },
   "geometry": {
    "type": "LineString",
    "coordinates": [
     [
      -122.411188,
      37.768899
     ],
     [
      -122.409269,
      37.770371
     ]
    ]
   }
  },
  {
   "type": "Feature",
   "properties": {
    "name": "Bryant Street",
    "highway": "secondary",
    "oneway": "yes"
   },
   "geometry": {
    "type": "LineString",
    "coordinates": [
     [
      -122.409269,
      37.770371
     ],
     [
      -122.407341,
      37.77185
     ]
    ]
   }
  },
  {
   "type": "Feature",
   "properties": {
    "name": "Bryant Street",
    "highway": "secondary",
    "oneway": "yes"
   },
   "geometry": {
    "type": "LineString",
    "coordinates": [
     [
      -122.407341,
      37.77185
     ],
     [
      -122.405414,
      37.773328
     ]
    ]
   }
  },
  {
   "type": "Feature",
   "properties": {
    "name": "Bryant Street",
    "highway": "secondary",
    "oneway": "yes"
   },
   "geometry": {
    "type": "LineString",
    "coordinates": [
     [
      -122.405414,
      37.773328
     ],
     [
      -122.403495,
      37.774801
     ]
    ]
   }
  },
  {
   "type": "Feature",
   "properties": {
    "name": "Bryant Street",
    "highway": "secondary",
    "oneway": "yes"
   },
   "geometry": {
    "type": "LineString",
    "coordinates": [
     [
      -122.403495,
      37.774801
     ],
     [
      -122.401568,
      37.776279
     ]
    ]
   }
  },
  {
   "type": "Feature",
   "properties": {
    "name": "Bryant Street",
    "highway": "secondary",
    "oneway": "yes"
   },
   "geometry": {
    "type": "LineString",
    "coordinates": [
     [
      -122.401568,
      37.776279
     ],
     [
      -122.399649,
      37.777751
     ]
    ]
   }
  },
  {
   "type": "Feature",
   "properties": {
    "name": "Bryant Street",
    "highway": "secondary",
    "oneway": "yes"
   },
   "geometry": {
    "type": "LineString",
    "coordinates": [
     [
      -122.399649,
      37.777751
     ],
     [
      -122.397722,
      37.77923
     ]
    ]
   }
  },
  {
   "type": "Feature",
   "properties": {
    "name": "Bryant Street",
    "highway": "secondary",
    "oneway": "yes"
   },
   "geometry": {
    "type": "LineString",
    "coordinates": [
     [
      -122.397722,
      37.77923
     ],
     [
      -122.395803,
      37.780702
     ]
    ]
   }
  },
  {
   "type": "Feature",
   "properties": {
    "name": "Bryant Street",
    "highway": "secondary",
    "oneway": "yes"
   },
   "geometry": {
    "type": "LineString",
    "coordinates": [
     [
      -122.395803,
      37.780702
     ],
     [
      -122.393876,
      37.782181
     ]
    ]
   }
  },
  {
   "type": "Feature",
   "properties": {
    "name": "Bryant Street",
    "highway": "secondary",
    "oneway": "yes"
   },
   "geometry": {
    "type": "LineString",
    "coordinates": [
     [
      -122.393876,
      37.782181
     ],
     [
      -122.390217,
      37.784987
     ]
    ]
   }
  },
  {
   "type": "Feature",
   "properties": {
    "name": "Brannan Street",
    "highway": "secondary"
   },
   "geometry": {
    "type": "LineString",
    "coordinates": [
     [
      -122.407491,
      37.768915
     ],
     [
      -122.405563,
      37.770393
     ]
    ]
   }
  },
  {
   "type": "Feature",
   "properties": {
    "name": "Brannan Street",
    "highway": "secondary"
   },
   "geometry": {
    "type": "LineString",
    "coordinates": [
     [
      -122.405563,
      37.770393
     ],
     [
      -122.403636,
      37.771872
     ]
    ]
   }
  },
  {
   "type": "Feature",
   "properties": {
    "name": "Brannan Street",
    "highway": "secondary"
   },
   "geometry": {
    "type": "LineString",
    "coordinates": [
     [
      -122.403636,
      37.771872
     ],
     [
      -122.401717,
      37.773344
     ]
    ]
   }
  },
  {
   "type": "Feature",
   "properties": {
    "name": "Brannan Street",
    "highway": "secondary"
   },
   "geometry": {
    "type": "LineString",
    "coordinates": [
     [
      -122.401717,
      37.773344
     ],
     [
      -122.39979,
      37.774822
     ]
    ]
   }
  },
  {
   "type": "Feature",
   "properties": {
    "name": "Brannan Street",
    "highway": "secondary"
   },
   "geometry": {
    "type": "LineString",
    "coordinates": [
     [
      -122.39979,
      37.774822
     ],
     [
      -122.397871,
      37.776295
     ]
    ]
   }
  },
  {
   "type": "Feature",
   "properties": {
    "name": "Brannan Street",
    "highway": "secondary"
   },
   "geometry": {
    "type": "LineString",
    "coordinates": [
     [
      -122.397871,
      37.776295
     ],
     [
      -122.395944,
      37.777773
     ]
    ]
   }
  },
  {
   "type": "Feature",
   "properties": {
    "name": "Brannan Street",
    "highway": "secondary"
   },
   "geometry": {
    "type": "LineString",
    "coordinates": [
     [
      -122.395944,
      37.777773
     ],
     [
      -122.394025,
      37.779246
     ]
    ]
   }
  },
  {
   "type": "Feature",
   "properties": {
    "name": "Brannan Street",
    "highway": "secondary"
   },
   "geometry": {
    "type": "LineString",
    "coordinates": [
     [
      -122.394025,
      37.779246
     ],
     [
      -122.392098,
      37.780724
     ]
    ]
   }
  },
  {
   "type": "Feature",
   "properties": {
    "name": "Brannan Street",
    "highway": "secondary"
   },
   "geometry": {
    "type": "LineString",
    "coordinates": [
     [
      -122.392098,
      37.780724
     ],
     [
      -122.388439,
      37.783531
     ]
    ]
   }
  },
  {
   "type": "Feature",
   "properties": {
    "name": "Townsend Street",
    "highway": "secondary",
    "bicycle": "yes"
   },
   "geometry": {
    "type": "LineString",
    "coordinates": [
     [
      -122.403825,
      37.768969
     ],
     [
      -122.401898,
      37.770447
     ]
    ]
   }
  },
  {
   "type": "Feature",
   "properties": {
    "name": "Townsend Street",
    "highway": "secondary",
    "bicycle": "yes"
   },
   "geometry": {
    "type": "LineString",
    "coordinates": [
     [
      -122.401898,
      37.770447
     ],
     [
      -122.399979,
      37.77192
     ]
    ]
   }
  },
  {
   "type": "Feature",
   "properties": {
    "name": "Townsend Street",
    "highway": "secondary",
    "bicycle": "yes"
   },
   "geometry": {
    "type": "LineString",
    "coordinates": [
     [
      -122.399979,
      37.77192
     ],
     [
      -122.398051,
      37.773398
     ]
    ]
   }
  },
  {
   "type": "Feature",
   "properties": {
    "name": "Townsend Street",
    "highway": "secondary",
    "bicycle": "yes"
   },
   "geometry": {
    "type": "LineString",
    "coordinates": [
     [
      -122.398051,
      37.773398
     ],
     [
      -122.396132,
      37.77487
     ]
    ]
   }
  },
  {
   "type": "Feature",
   "properties": {
    "name": "Townsend Street",
    "highway": "secondary",
    "bicycle": "yes"
   },
   "geometry": {
    "type": "LineString",
    "coordinates": [
     [
      -122.396132,
      37.77487
     ],
     [
      -122.394205,
      37.776349
     ]
    ]
   }
  },
  {
   "type": "Feature",
   "properties": {
    "name": "Townsend Street",
    "highway": "secondary",
    "bicycle": "yes"
   },
   "geometry": {
    "type": "LineString",
    "coordinates": [
     [
      -122.394205,
      37.776349
     ],
     [
      -122.392286,
      37.777821
     ]
    ]
   }
  },
  {
   "type": "Feature",
   "properties": {
    "name": "Townsend Street",
    "highway": "secondary",
    "bicycle": "yes"
   },
   "geometry": {
    "type": "LineString",
    "coordinates": [
     [
      -122.392286,
      37.777821
     ],
     [
      -122.386701,
      37.782107
     ]
    ]
   }
  },
  {
   "type": "Feature",
   "properties": {
    "name": "11th Street",
    "highway": "secondary"
   },
   "geometry": {
    "type": "LineString",
    "coordinates": [
     [
      -122.413115,
      37.76742
     ],
     [
      -122.414814,
      37.768812
     ]
    ]
   }
  },
  {
   "type": "Feature",
   "properties": {
    "name": "11th Street",
    "highway": "secondary"
   },
   "geometry": {
    "type": "LineString",
    "coordinates": [
     [
      -122.414814,
      37.768812
     ],
     [
      -122.416169,
      37.769922
     ]
    ]
   }
  },
  {
   "type": "Feature",
   "properties": {
    "name": "11th Street",
    "highway": "secondary"
   },
   "geometry": {
    "type": "LineString",
    "coordinates": [
     [
      -122.416169,
      37.769922
     ],
     [
      -122.416513,
      37.770204
     ]
    ]
   }
  },
  {
   "type": "Feature",
   "properties": {
    "name": "11th Street",
    "highway": "secondary"
   },
   "geometry": {
    "type": "LineString",
    "coordinates": [
     [
      -122.416513,
      37.770204
     ],
     [
      -122.418291,
      37.771661
     ]
    ]
   }
  },
  {
   "type": "Feature",
   "properties": {
    "name": "11th Street",
    "highway": "secondary"
   },
   "geometry": {
    "type": "LineString",
    "coordinates": [
     [
      -122.418291,
      37.771661
     ],
     [
      -122.41999,
      37.773053
     ]
    ]
   }
  },
  {
   "type": "Feature",
   "properties": {
    "name": "11th Street",
    "highway": "secondary"
   },
   "geometry": {
    "type": "LineString",
    "coordinates": [
     [
      -122.41999,
      37.773053
     ],
     [
      -122.42082,
      37.773733
     ]
    ]
   }
  },
  {
   "type": "Feature",
   "properties": {
    "name": "10th Street",
    "highway": "secondary"
   },
   "geometry": {
    "type": "LineString",
    "coordinates": [
     [
      -122.411188,
      37.768899
     ],
     [
      -122.412887,
      37.770291
     ]
    ]
   }
  },
  {
   "type": "Feature",
   "properties": {
    "name": "10th Street",
    "highway": "secondary"
   },
   "geometry": {
    "type": "LineString",
    "coordinates": [
     [
      -122.412887,
      37.770291
     ],
     [
      -122.412966,
      37.770356
     ]
    ]
   }
  },
  {
   "type": "Feature",
   "properties": {
    "name": "10th Street",
    "highway": "secondary"
   },
   "geometry": {
    "type": "LineString",
    "coordinates": [
     [
      -122.412966,
      37.770356
     ],
     [
      -122.414586,
      37.771683
     ]
    ]
   }
  },
  {
   "type": "Feature",
   "properties": {
    "name": "10th Street",
    "highway": "secondary"
   },
   "geometry": {
    "type": "LineString",
    "coordinates": [
     [
      -122.414586,
      37.771683
     ],
     [
      -122.416364,
      37.773139
     ]
    ]
   }
  },
  {
   "type": "Feature",
   "properties": {
    "name": "10th Street",
    "highway": "secondary"
   },
   "geometry": {
    "type": "LineString",
    "coordinates": [
     [
      -122.416364,
      37.773139
     ],
     [
      -122.418063,
      37.774531
     ]
    ]
   }
  },
  {
   "type": "Feature",
   "properties": {
    "name": "10th Street",
    "highway": "secondary"
   },
   "geometry": {
    "type": "LineString",
    "coordinates": [
     [
      -122.418063,
      37.774531
     ],
     [
      -122.418892,
      37.775211
     ]
    ]
   }
  },
  {
   "type": "Feature",
   "properties": {
    "name": "9th Street",
    "highway": "secondary"
   },
   "geometry": {
    "type": "LineString",
    "coordinates": [
     [
      -122.405752,
      37.76749
     ],
     [
      -122.407491,
      37.768915
     ]
    ]
   }
  },
  {
   "type": "Feature",
   "properties": {
    "name": "9th Street",
    "highway": "secondary"
   },
   "geometry": {
    "type": "LineString",
    "coordinates": [
     [
      -122.407491,
      37.768915
     ],
     [
      -122.409269,
      37.770371
     ]
    ]
   }
  },
  {
   "type": "Feature",
   "properties": {
    "name": "9th Street",
    "highway": "secondary"
   },
   "geometry": {
    "type": "LineString",
    "coordinates": [
     [
      -122.409269,
      37.770371
     ],
     [
      -122.410968,
      37.771763
     ]
    ]
   }
  },
  {
   "type": "Feature",
   "properties": {
    "name": "9th Street",
    "highway": "secondary"
   },
   "geometry": {
    "type": "LineString",
    "coordinates": [
     [
      -122.410968,
      37.771763
     ],
     [
      -122.412667,
      37.773155
     ]
    ]
   }
  },
  {
   "type": "Feature",
   "properties": {
    "name": "9th Street",
    "highway": "secondary"
   },
   "geometry": {
    "type": "LineString",
    "coordinates": [
     [
      -122.412667,
      37.773155
     ],
     [
      -122.414445,
      37.774612
     ]
    ]
   }
  },
  {
   "type": "Feature",
   "properties": {
    "name": "9th Street",
    "highway": "secondary"
   },
   "geometry": {
    "type": "LineString",
    "coordinates": [
     [
      -122.414445,
      37.774612
     ],
     [
      -122.416144,
      37.776004
     ]
    ]
   }
  },
  {
   "type": "Feature",
   "properties": {
    "name": "9th Street",
    "highway": "secondary"
   },
   "geometry": {
    "type": "LineString",
    "coordinates": [
     [
      -122.416144,
      37.776004
     ],
     [
      -122.416973,
      37.776683
     ]
    ]
   }
  },
  {
   "type": "Feature",
   "properties": {
    "name": "8th Street",
    "highway": "secondary"
   },
   "geometry": {
    "type": "LineString",
    "coordinates": [
     [
      -122.403825,
      37.768969
     ],
     [
      -122.405563,
      37.770393
     ]
    ]
   }
  },
  {
   "type": "Feature",
   "properties": {
    "name": "8th Street",
    "highway": "secondary"
   },
   "geometry": {
    "type": "LineString",
    "coordinates": [
     [
      -122.405563,
      37.770393
     ],
     [
      -122.407341,
      37.77185
     ]
    ]
   }
  },
  {
   "type": "Feature",
   "properties": {
    "name": "8th Street",
    "highway": "secondary"
   },
   "geometry": {
    "type": "LineString",
    "coordinates": [
     [
      -122.407341,
      37.77185
     ],
     [
      -122.40904,
      37.773242
     ]
    ]
   }
  },
  {
   "type": "Feature",
   "properties": {
    "name": "8th Street",
    "highway": "secondary"
   },
   "geometry": {
    "type": "LineString",
    "coordinates": [
     [
      -122.40904,
      37.773242
     ],
     [
      -122.410739,
      37.774634
     ]
    ]
   }
  },
  {
   "type": "Feature",
   "properties": {
    "name": "8th Street",
    "highway": "secondary"
   },
   "geometry": {
    "type": "LineString",
    "coordinates": [
     [
      -122.410739,
      37.774634
     ],
     [
      -122.412517,
      37.77609
     ]
    ]
   }
  },
  {
   "type": "Feature",
   "properties": {
    "name": "8th Street",
    "highway": "secondary"
   },
   "geometry": {
    "type": "LineString",
    "coordinates": [
     [
      -122.412517,
      37.77609
     ],
     [
      -122.414216,
      37.777482
     ]
    ]
   }
  },
  {
   "type": "Feature",
   "properties": {
    "name": "8th Street",
    "highway": "secondary"
   },
   "geometry": {
    "type": "LineString",
    "coordinates": [
     [
      -122.414216,
      37.777482
     ],
     [
      -122.415046,
      37.778162
     ]
    ]
   }
  },
  {
   "type": "Feature",
   "properties": {
    "name": "7th Street",
    "highway": "secondary"
   },
   "geometry": {
    "type": "LineString",
    "coordinates": [
     [
      -122.401898,
      37.770447
     ],
     [
      -122.403636,
      37.771872
     ]
    ]
   }
  },
  {
   "type": "Feature",
   "properties": {
    "name": "7th Street",
    "highway": "secondary"
   },
   "geometry": {
    "type": "LineString",
    "coordinates": [
     [
      -122.403636,
      37.771872
     ],
     [
      -122.405414,
      37.773328
     ]
    ]
   }
  },
  {
   "type": "Feature",
   "properties": {
    "name": "7th Street",
    "highway": "secondary"
   },
   "geometry": {
    "type": "LineString",
    "coordinates": [
     [
      -122.405414,
      37.773328
     ],
     [
      -122.407113,
      37.77472
     ]
    ]
   }
  },
  {
   "type": "Feature",
   "properties": {
    "name": "7th Street",
    "highway": "secondary"
   },
   "geometry": {
    "type": "LineString",
    "coordinates": [
     [
      -122.407113,
      37.77472
     ],
     [
      -122.408812,
      37.776112
     ]
    ]
   }
  },
  {
   "type": "Feature",
   "properties": {
    "name": "7th Street",
    "highway": "secondary"
   },
   "geometry": {
    "type": "LineString",
    "coordinates": [
     [
      -122.408812,
      37.776112
     ],
     [
      -122.41059,
      37.777569
     ]
    ]
   }
  },
  {
   "type": "Feature",
   "properties": {
    "name": "7th Street",
    "highway": "secondary"
   },
   "geometry": {
    "type": "LineString",
    "coordinates": [
     [
      -122.41059,
      37.777569
     ],
     [
      -122.412289,
      37.778961
     ]
    ]
   }
  },
  {
   "type": "Feature",
   "properties": {
    "name": "7th Street",
    "highway": "secondary"
   },
   "geometry": {
    "type": "LineString",
    "coordinates": [
     [
      -122.412289,
      37.778961
     ],
     [
      -122.413119,
      37.77964
     ]
    ]
   }
  },
  {
   "type": "Feature",
   "properties": {
    "name": "6th Street",
    "highway": "secondary"
   },
   "geometry": {
    "type": "LineString",
    "coordinates": [
     [
      -122.399979,
      37.77192
     ],
     [
      -122.401717,
      37.773344
     ]
    ]
   }
  },
  {
   "type": "Feature",
   "properties": {
    "name": "6th Street",
    "highway": "secondary"
   },
   "geometry": {
    "type": "LineString",
    "coordinates": [
     [
      -122.401717,
      37.773344
     ],
     [
      -122.403495,
      37.774801
     ]
    ]
   }
  },
  {
   "type": "Feature",
   "properties": {
    "name": "6th Street",
    "highway": "secondary"
   },
   "geometry": {
    "type": "LineString",
    "coordinates": [
     [
      -122.403495,
      37.774801
     ],
     [
      -122.405194,
      37.776193
     ]
    ]
   }
  },
  {
   "type": "Feature",
   "properties": {
    "name": "6th Street",
    "highway": "secondary"
   },
   "geometry": {
    "type": "LineString",
    "coordinates": [
     [
      -122.405194,
      37.776193
     ],
     [
      -122.406893,
      37.777584
     ]
    ]
   }
  },
  {
   "type": "Feature",
   "properties": {
    "name": "6th Street",
    "highway": "secondary"
   },
   "geometry": {
    "type": "LineString",
    "coordinates": [
     [
      -122.406893,
      37.777584
     ],
     [
      -122.408671,
      37.779041
     ]
    ]
   }
  },
  {
   "type": "Feature",
   "properties": {
    "name": "6th Street",
    "highway": "secondary"
   },
   "geometry": {
    "type": "LineString",
    "coordinates": [
     [
      -122.408671,
      37.779041
     ],
     [
      -122.41037,
      37.780433
     ]
    ]
   }
  },
  {
   "type": "Feature",
   "properties": {
    "name": "6th Street",
    "highway": "secondary"
   },
   "geometry": {
    "type": "LineString",
    "coordinates": [
     [
      -122.41037,
      37.780433
     ],
     [
      -122.4112,
      37.781113
     ]
    ]
   }
  },
  {
   "type": "Feature",
   "properties": {
    "name": "5th Street",
    "highway": "secondary"
   },
   "geometry": {
    "type": "LineString",
    "coordinates": [
     [
      -122.398051,
      37.773398
     ],
     [
      -122.39979,
      37.774822
     ]
    ]
   }
  },
  {
   "type": "Feature",
   "properties": {
    "name": "5th Street",
    "highway": "secondary"
   },
   "geometry": {
    "type": "LineString",
    "coordinates": [
     [
      -122.39979,
      37.774822
     ],
     [
      -122.401568,
      37.776279
     ]
    ]
   }
  },
  {
   "type": "Feature",
   "properties": {
    "name": "5th Street",
    "highway": "secondary"
   },
   "geometry": {
    "type": "LineString",
    "coordinates": [
     [
      -122.401568,
      37.776279
     ],
     [
      -122.403267,
      37.777671
     ]
    ]
   }
  },
  {
   "type": "Feature",
   "properties": {
    "name": "5th Street",
    "highway": "secondary"
   },
   "geometry": {
    "type": "LineString",
    "coordinates": [
     [
      -122.403267,
      37.777671
     ],
     [
      -122.404966,
      37.779063
     ]
    ]
   }
  },
  {
   "type": "Feature",
   "properties": {
    "name": "5th Street",
    "highway": "secondary"
   },
   "geometry": {
    "type": "LineString",
    "coordinates": [
     [
      -122.404966,
      37.779063
     ],
     [
      -122.406744,
      37.78052
     ]
    ]
   }
  },
  {
   "type": "Feature",
   "properties": {
    "name": "5th Street",
    "highway": "secondary"
   },
   "geometry": {
    "type": "LineString",
    "coordinates": [
     [
      -122.406744,
      37.78052
     ],
     [
      -122.408443,
      37.781912
     ]
    ]
   }
  },
  {
   "type": "Feature",
   "properties": {
    "name": "5th Street",
    "highway": "secondary"
   },
   "geometry": {
    "type": "LineString",
    "coordinates": [
     [
      -122.408443,
      37.781912
     ],
     [
      -122.409273,
      37.782591
     ]
    ]
   }
  },
  {
   "type": "Feature",
   "properties": {
    "name": "4th Street",
    "highway": "secondary"
   },
   "geometry": {
    "type": "LineString",
    "coordinates": [
     [
      -122.396132,
      37.77487
     ],
     [
      -122.397871,
      37.776295
     ]
    ]
   }
  },
  {
   "type": "Feature",
   "properties": {
    "name": "4th Street",
    "highway": "secondary"
   },
   "geometry": {
    "type": "LineString",
    "coordinates": [
     [
      -122.397871,
      37.776295
     ],
     [
      -122.399649,
      37.777751
     ]
    ]
   }
  },
  {
   "type": "Feature",
   "properties": {
    "name": "4th Street",
    "highway": "secondary"
   },
   "geometry": {
    "type": "LineString",
    "coordinates": [
     [
      -122.399649,
      37.777751
     ],
     [
      -122.401348,
      37.779143
     ]
    ]
   }
  },
  {
   "type": "Feature",
   "properties": {
    "name": "4th Street",
    "highway": "secondary"
   },
   "geometry": {
    "type": "LineString",
    "coordinates": [
     [
      -122.401348,
      37.779143
     ],
     [
      -122.403047,
      37.780535
     ]
    ]
   }
  },
  {
   "type": "Feature",
   "properties": {
    "name": "4th Street",
    "highway": "secondary"
   },
   "geometry": {
    "type": "LineString",
    "coordinates": [
     [
      -122.403047,
      37.780535
     ],
     [
      -122.404825,
      37.781992
     ]
    ]
   }
  },
  {
   "type": "Feature",
   "properties": {
    "name": "4th Street",
    "highway": "secondary"
   },
   "geometry": {
    "type": "LineString",
    "coordinates": [
     [
      -122.404825,
      37.781992
     ],
     [
      -122.406524,
      37.783384
     ]
    ]
   }
  },
  {
   "type": "Feature",
   "properties": {
    "name": "4th Street",
    "highway": "secondary"
   },
   "geometry": {
    "type": "LineString",
    "coordinates": [
     [
      -122.406524,
      37.783384
     ],
     [
      -122.407354,
      37.784064
     ]
    ]
   }
  },
  {
   "type": "Feature",
   "properties": {
    "name": "3rd Street",
    "highway": "secondary"
   },
   "geometry": {
    "type": "LineString",
    "coordinates": [
     [
      -122.394205,
      37.776349
     ],
     [
      -122.395944,
      37.777773
     ]
    ]
   }
  },
  {
   "type": "Feature",
   "properties": {
    "name": "3rd Street",
    "highway": "secondary"
   },
   "geometry": {
    "type": "LineString",
    "coordinates": [
     [
      -122.395944,
      37.777773
     ],
     [
      -122.397722,
      37.77923
     ]
    ]
   }
  },
  {
   "type": "Feature",
   "properties": {
    "name": "3rd Street",
    "highway": "secondary"
   },
   "geometry": {
    "type": "LineString",
    "coordinates": [
     [
      -122.397722,
      37.77923
     ],
     [
      -122.399421,
      37.780622
     ]
    ]
   }
  },
  {
   "type": "Feature",
   "properties": {
    "name": "3rd Street",
    "highway": "secondary"
   },
   "geometry": {
    "type": "LineString",
    "coordinates": [
     [
      -122.399421,
      37.780622
     ],
     [
      -122.40112,
      37.782014
     ]
    ]
   }
  },
  {
   "type": "Feature",
   "properties": {
    "name": "3rd Street",
    "highway": "secondary"
   },
   "geometry": {
    "type": "LineString",
    "coordinates": [
     [
      -122.40112,
      37.782014
     ],
     [
      -122.402898,
      37.78347
     ]
    ]
   }
  },
  {
   "type": "Feature",
   "properties": {
    "name": "3rd Street",
    "highway": "secondary"
   },
   "geometry": {
    "type": "LineString",
    "coordinates": [
     [
      -122.402898,
      37.78347
     ],
     [
      -122.404597,
      37.784862
     ]
    ]
   }
  },
  {
   "type": "Feature",
   "properties": {
    "name": "3rd Street",
    "highway": "secondary"
   },
   "geometry": {
    "type": "LineString",
    "coordinates": [
     [
      -122.404597,
      37.784862
     ],
     [
      -122.405427,
      37.785542
     ]
    ]
   }
  },
  {
   "type": "Feature",
   "properties": {
    "name": "2nd Street",
    "highway": "secondary"
   },
   "geometry": {
    "type": "LineString",
    "coordinates": [
     [
      -122.392286,
      37.777821
     ],
     [
      -122.394025,
      37.779246
     ]
    ]
   }
  },
  {
   "type": "Feature",
   "properties": {
    "name": "2nd Street",
    "highway": "secondary"
   },
   "geometry": {
    "type": "LineString",
    "coordinates": [
     [
      -122.394025,
      37.779246
     ],
     [
      -122.395803,
      37.780702
     ]
    ]
   }
  },
  {
   "type": "Feature",
   "properties": {
    "name": "2nd Street",
    "highway": "secondary"
   },
   "geometry": {
    "type": "LineString",
    "coordinates": [
     [
      -122.395803,
      37.780702
     ],
     [
      -122.397502,
      37.782094
     ]
    ]
   }
  },
  {
   "type": "Feature",
   "properties": {
    "name": "2nd Street",
    "highway": "secondary"
   },
   "geometry": {
    "type": "LineString",
    "coordinates": [
     [
      -122.397502,
      37.782094
     ],
     [
      -122.399201,
      37.783486
     ]
    ]
   }
  },
  {
   "type": "Feature",
   "properties": {
    "name": "2nd Street",
    "highway": "secondary"
   },
   "geometry": {
    "type": "LineString",
    "coordinates": [
     [
      -122.399201,
      37.783486
     ],
     [
      -122.400979,
      37.784943
     ]
    ]
   }
  },
  {
   "type": "Feature",
   "properties": {
    "name": "2nd Street",
    "highway": "secondary"
   },
   "geometry": {
    "type": "LineString",
    "coordinates": [
     [
      -122.400979,
      37.784943
     ],
     [
      -122.402678,
      37.786335
     ]
    ]
   }
  },
  {
   "type": "Feature",
   "properties": {
    "name": "2nd Street",
    "highway": "secondary"
   },
   "geometry": {
    "type": "LineString",
    "coordinates": [
     [
      -122.402678,
      37.786335
     ],
     [
      -122.403508,
      37.787014
     ]
    ]
   }
  },
  {
   "type": "Feature",
   "properties": {
    "name": "1st Street",
    "highway": "secondary"
   },
   "geometry": {
    "type": "LineString",
    "coordinates": [
     [
      -122.392098,
      37.780724
     ],
     [
      -122.393876,
      37.782181
     ]
    ]
   }
  },
  {
   "type": "Feature",
   "properties": {
    "name": "1st Street",
    "highway": "secondary"
   },
   "geometry": {
    "type": "LineString",
    "coordinates": [
     [
      -122.393876,
      37.782181
     ],
     [
      -122.395575,
      37.783573
     ]
    ]
   }
  },
  {
   "type": "Feature",
   "properties": {
    "name": "1st Street",
    "highway": "secondary"
   },
   "geometry": {
    "type": "LineString",
    "coordinates": [
     [
      -122.395575,
      37.783573
     ],
     [
      -122.397274,
      37.784965
     ]
    ]
   }
  },
  {
   "type": "Feature",
   "properties": {
    "name": "1st Street",
    "highway": "secondary"
   },
   "geometry": {
    "type": "LineString",
    "coordinates": [
     [
      -122.397274,
      37.784965
     ],
     [
      -122.399052,
      37.786421
     ]
    ]
   }
  },
  {
   "type": "Feature",
   "properties": {
    "name": "1st Street",
    "highway": "secondary"
   },
   "geometry": {
    "type": "LineString",
    "coordinates": [
     [
      -122.399052,
      37.786421
     ],
     [
      -122.400751,
      37.787813
     ]
    ]
   }
  },
  {
   "type": "Feature",
   "properties": {
    "name": "1st Street",
    "highway": "secondary"
   },
   "geometry": {
    "type": "LineString",
    "coordinates": [
     [
      -122.400751,
      37.787813
     ],
     [
      -122.40158,
      37.788493
     ]
    ]
   }
  },
  {
   "type": "Feature",
   "properties": {
    "name": "The Embarcadero",
    "highway": "primary",
    "bicycle": "designated"
   },
   "geometry": {
    "type": "LineString",
    "coordinates": [
     [
      -122.386701,
      37.782107
     ],
     [
      -122.388439,
      37.783531
     ]
    ]
   }
  },
  {
   "type": "Feature",
   "properties": {
    "name": "The Embarcadero",
    "highway": "primary",
    "bicycle": "designated"
   },
   "geometry": {
    "type": "LineString",
    "coordinates": [
     [
      -122.388439,
      37.783531
     ],
     [
      -122.390217,
      37.784987
     ]
    ]
   }
  },
  {
   "type": "Feature",
   "properties": {
    "name": "The Embarcadero",
    "highway": "primary",
    "bicycle": "designated"
   },
   "geometry": {
    "type": "LineString",
    "coordinates": [
     [
      -122.390217,
      37.784987
     ],
     [
      -122.391916,
      37.786379
     ]
    ]
   }
  },
  {
   "type": "Feature",
   "properties": {
    "name": "The Embarcadero",
    "highway": "primary",
    "bicycle": "designated"
   },
   "geometry": {
    "type": "LineString",
    "coordinates": [
     [
      -122.391916,
      37.786379
     ],
     [
      -122.393615,
      37.787771
     ]
    ]
   }
  },
  {
   "type": "Feature",
   "properties": {
    "name": "The Embarcadero",
    "highway": "primary",
    "bicycle": "designated"
   },
   "geometry": {
    "type": "LineString",
    "coordinates": [
     [
      -122.393615,
      37.787771
     ],
     [
      -122.395393,
      37.789228
     ]
    ]
   }
  },
  {
   "type": "Feature",
   "properties": {
    "name": "The Embarcadero",
    "highway": "primary",
    "bicycle": "designated"
   },
   "geometry": {
    "type": "LineString",
    "coordinates": [
     [
      -122.395393,
      37.789228
     ],
     [
      -122.397922,
      37.7913
     ]
    ]
   }
  },
  {
   "type": "Feature",
   "properties": {
    "name": "13th Street",
    "highway": "secondary"
   },
   "geometry": {
    "type": "LineString",
    "coordinates": [
     [
      -122.419645,
      37.769451
     ],
     [
      -122.416964,
      37.769815
     ]
    ]
   }
  },
  {
   "type": "Feature",
   "properties": {
    "name": "13th Street",
    "highway": "secondary"
   },
   "geometry": {
    "type": "LineString",
    "coordinates": [
     [
      -122.416964,
      37.769815
     ],
     [
      -122.416169,
      37.769922
     ]
    ]
   }
  },
  {
   "type": "Feature",
   "properties": {
    "name": "13th Street",
    "highway": "secondary"
   },
   "geometry": {
    "type": "LineString",
    "coordinates": [
     [
      -122.416169,
      37.769922
     ],
     [
      -122.413788,
      37.770245
     ]
    ]
   }
  },
  {
   "type": "Feature",
   "properties": {
    "name": "13th Street",
    "highway": "secondary"
   },
   "geometry": {
    "type": "LineString",
    "coordinates": [
     [
      -122.413788,
      37.770245
     ],
     [
      -122.412966,
      37.770356
     ]
    ]
   }
  },
  {
   "type": "Feature",
   "properties": {
    "name": "13th Street",
    "highway": "secondary"
   },
   "geometry": {
    "type": "LineString",
    "coordinates": [
     [
      -122.412966,
      37.770356
     ],
     [
      -122.412391,
      37.770434
     ]
    ]
   }
  },
  {
   "type": "Feature",
   "properties": {
    "name": "13th Street",
    "highway": "secondary"
   },
   "geometry": {
    "type": "LineString",
    "coordinates": [
     [
      -122.412391,
      37.770434
     ],
     [
      -122.409912,
      37.77077
     ]
    ]
   }
  },
  {
   "type": "Feature",
   "properties": {
    "name": "13th Street",
    "highway": "secondary"
   },
   "geometry": {
    "type": "LineString",
    "coordinates": [
     [
      -122.409912,
      37.77077
     ],
     [
      -122.407817,
      37.771054
     ]
    ]
   }
  },
  {
   "type": "Feature",
   "properties": {
    "name": "Otis Street",
    "highway": "secondary",
    "oneway": "yes"
   },
   "geometry": {
    "type": "LineString",
    "coordinates": [
     [
      -122.419933,
      37.774413
     ],
     [
      -122.41999,
      37.773053
     ]
    ]
   }
  },
  {
   "type": "Feature",
   "properties": {
    "name": "3rd Street",
    "highway": "secondary",
    "bicycle": "yes"
   },
   "geometry": {
    "type": "LineString",
    "coordinates": [
     [
      -122.394205,
      37.776349
     ],
     [
      -122.3923,
      37.7733
     ]
    ]
   }
  },
  {
   "type": "Feature",
   "properties": {
    "name": "3rd Street",
    "highway": "secondary",
    "bicycle": "yes"
   },
   "geometry": {
    "type": "LineString",
    "coordinates": [
     [
      -122.3923,
      37.7733
     ],
     [
      -122.3908,
      37.77
     ]
    ]
   }
  },
  {
   "type": "Feature",
   "properties": {
    "name": "3rd Street",
    "highway": "secondary",
    "bicycle": "yes"
   },
   "geometry": {
    "type": "LineString",
    "coordinates": [
     [
      -122.3908,
      37.77
     ],
     [
      -122.388338,
      37.766644
     ]
    ]
   }
  },
  {
   "type": "Feature",
   "properties": {
    "name": "Interstate 80 On-Ramp",
    "highway": "motorway_link",
    "bicycle": "no",
    "access": "no",
    "oneway": "yes"
   },
   "geometry": {
    "type": "LineString",
    "coordinates": [
     [
      -122.401568,
      37.776279
     ],
     [
      -122.4006,
      37.7782
     ]
    ]
   }
  },
  {
   "type": "Feature",
   "properties": {
    "name": "Interstate 80 On-Ramp",
    "highway": "motorway_link",
    "bicycle": "no",
    "access": "no",
    "oneway": "yes"
   },
   "geometry": {
    "type": "LineString",
    "coordinates": [
     [
      -122.4006,
      37.7782
     ],
     [
      -122.3988,
      37.7774
     ]
    ]
   }
  },
  {
   "type": "Feature",
   "properties": {
    "name": "Portola Drive",
    "highway": "primary",
    "bicycle": "yes"
   },
   "geometry": {
    "type": "LineString",
    "coordinates": [
     [
      -122.4387,
      37.7484
     ],
     [
      -122.442,
      37.7476
     ]
    ]
   }
  },
  {
   "type": "Feature",
   "properties": {
    "name": "Portola Drive",
    "highway": "primary",
    "bicycle": "yes"
   },
   "geometry": {
    "type": "LineString",
    "coordinates": [
     [
      -122.442,
      37.7476
     ],
     [
      -122.4443,
      37.7475
     ]
    ]
   }
  },
  {
   "type": "Feature",
   "properties": {
    "name": "Portola Drive",
    "highway": "primary",
    "bicycle": "yes"
   },
   "geometry": {
    "type": "LineString",
    "coordinates": [
     [
      -122.4443,
      37.7475
     ],
     [
      -122.447,
      37.747
     ]
    ]
   }
  },
  {
   "type": "Feature",
   "properties": {
    "name": "Portola Drive",
    "highway": "primary",
    "bicycle": "yes"
   },
   "geometry": {
    "type": "LineString",
    "coordinates": [
     [
      -122.447,
      37.747
     ],
     [
      -122.452,
      37.7456
     ]
    ]
   }
  },
  {
   "type": "Feature",
   "properties": {
    "name": "Portola Drive",
    "highway": "primary",
    "bicycle": "yes"
   },
   "geometry": {
    "type": "LineString",
    "coordinates": [
     [
      -122.452,
      37.7456
     ],
     [
      -122.457,
      37.744
     ]
    ]
   }
  },
  {
   "type": "Feature",
   "properties": {
    "name": "Twin Peaks Boulevard",
    "highway": "tertiary",
    "bicycle": "yes"
   },
   "geometry": {
    "type": "LineString",
    "coordinates": [
     [
      -122.447,
      37.747
     ],
     [
      -122.4472,
      37.749
     ]
    ]
   }
  },
  {
   "type": "Feature",
   "properties": {
    "name": "Twin Peaks Boulevard",
    "highway": "tertiary",
    "bicycle": "yes"
   },
   "geometry": {
    "type": "LineString",
    "coordinates": [
     [
      -122.4472,
      37.749
     ],
     [
      -122.4466,
      37.7508
     ]
    ]
   }
  },
  {
   "type": "Feature",
   "properties": {
    "name": "Twin Peaks Boulevard",
    "highway": "tertiary",
    "bicycle": "yes"
   },
   "geometry": {
    "type": "LineString",
    "coordinates": [
     [
      -122.4466,
      37.7508
     ],
     [
      -122.447,
      37.7526
     ]
    ]
   }
  },
  {
   "type": "Feature",
   "properties": {
    "name": "Twin Peaks Boulevard",
    "highway": "tertiary",
    "bicycle": "yes"
   },
   "geometry": {
    "type": "LineString",
    "coordinates": [
     [
      -122.447,
      37.7526
     ],
     [
      -122.4468,
      37.7541
     ]
    ]
   }
  },
  {
   "type": "Feature",
   "properties": {
    "name": "Twin Peaks Boulevard",
    "highway": "tertiary",
    "bicycle": "yes"
   },
   "geometry": {
    "type": "LineString",
    "coordinates": [
     [
      -122.4468,
      37.7541
     ],
     [
      -122.4484,
      37.755
     ]
    ]
   }
  },
  {
   "type": "Feature",
   "properties": {
    "name": "Twin Peaks Boulevard",
    "highway": "tertiary",
    "bicycle": "yes"
   },
   "geometry": {
    "type": "LineString",
    "coordinates": [
     [
      -122.4484,
      37.755
     ],
     [
      -122.4495,
      37.7564
     ]
    ]
   }
  },
  {
   "type": "Feature",
   "properties": {
    "name": "Twin Peaks Boulevard",
    "highway": "tertiary",
    "bicycle": "yes"
   },
   "geometry": {
    "type": "LineString",
    "coordinates": [
     [
      -122.4495,
      37.7564
     ],
     [
      -122.4514,
      37.7574
     ]
    ]
   }
  },
  {
   "type": "Feature",
   "properties": {
    "name": "Twin Peaks Boulevard",
    "highway": "tertiary",
    "bicycle": "yes"
   },
   "geometry": {
    "type": "LineString",
    "coordinates": [
     [
      -122.4468,
      37.7541
     ],
     [
      -122.446,
      37.755
     ]
    ]
   }
  },
  {
   "type": "Feature",
   "properties": {
    "name": "Twin Peaks Boulevard",
    "highway": "tertiary",
    "bicycle": "yes"
   },
   "geometry": {
    "type": "LineString",
    "coordinates": [
     [
      -122.446,
      37.755
     ],
     [
      -122.4456,
      37.7562
     ]
    ]
   }
  },
  {
   "type": "Feature",
   "properties": {
    "name": "Twin Peaks Boulevard",
    "highway": "tertiary",
    "bicycle": "yes"
   },
   "geometry": {
    "type": "LineString",
    "coordinates": [
     [
      -122.4456,
      37.7562
     ],
     [
      -122.4462,
      37.7574
     ]
    ]
   }
  },
  {
   "type": "Feature",
   "properties": {
    "name": "Twin Peaks Boulevard",
    "highway": "tertiary",
    "bicycle": "yes"
   },
   "geometry": {
    "type": "LineString",
    "coordinates": [
     [
      -122.4462,
      37.7574
     ],
     [
      -122.4514,
      37.7574
     ]
    ]
   }
  },
  {
   "type": "Feature",
   "properties": {
    "name": "Christmas Tree Point Road",
    "highway": "service",
    "bicycle": "yes"
   },
   "geometry": {
    "type": "LineString",
    "coordinates": [
     [
      -122.4468,
      37.7541
     ],
     [
      -122.4455,
      37.7545
     ]
    ]
   }
  },
  {
   "type": "Feature",
   "properties": {
    "name": "Clarendon Avenue",
    "highway": "secondary"
   },
   "geometry": {
    "type": "LineString",
    "coordinates": [
     [
      -122.4514,
      37.7574
     ],
     [
      -122.449,
      37.7584
     ]
    ]
   }
  },
  {
   "type": "Feature",
   "properties": {
    "name": "Clarendon Avenue",
    "highway": "secondary"
   },
   "geometry": {
    "type": "LineString",
    "coordinates": [
     [
      -122.449,
      37.7584
     ],
     [
      -122.446,
      37.7588
     ]
    ]
   }
  },
  {
   "type": "Feature",
   "properties": {
    "name": "Clarendon Avenue",
    "highway": "secondary"
   },
   "geometry": {
    "type": "LineString",
    "coordinates": [
     [
      -122.446,
      37.7588
     ],
     [
      -122.4429,
      37.759
     ]
    ]
   }
  },
  {
   "type": "Feature",
   "properties": {
    "name": "Clayton Street",
    "highway": "residential"
   },
   "geometry": {
    "type": "LineString",
    "coordinates": [
     [
      -122.447576,
      37.765083
     ],
     [
      -122.447,
      37.763
     ]
    ]
   }
  },
  {
   "type": "Feature",
   "properties": {
    "name": "Clayton Street",
    "highway": "residential"
   },
   "geometry": {
    "type": "LineString",
    "coordinates": [
     [
      -122.447,
      37.763
     ],
     [
      -122.4455,
      37.7605
     ]
    ]
   }
  },
  {
   "type": "Feature",
   "properties": {
    "name": "Clayton Street",
    "highway": "residential"
   },
   "geometry": {
    "type": "LineString",
    "coordinates": [
     [
      -122.4455,
      37.7605
     ],
     [
      -122.4429,
      37.759
     ]
    ]
   }
  },
  {
   "type": "Feature",
   "properties": {
    "name": "Pemberton Place",
    "highway": "steps",
    "surface": "concrete",
    "bicycle": "no"
   },
   "geometry": {
    "type": "LineString",
    "coordinates": [
     [
      -122.4455,
      37.7605
     ],
     [
      -122.4442,
      37.7597
     ]
    ]
   }
  },
  {
   "type": "Feature",
   "properties": {
    "name": "Crown Terrace",
    "highway": "residential"
   },
   "geometry": {
    "type": "LineString",
    "coordinates": [
     [
      -122.4442,
      37.7597
     ],
     [
      -122.4415,
      37.7597
     ]
    ]
   }
  },
  {
   "type": "Feature",
   "properties": {
    "name": "Corbett Avenue",
    "highway": "secondary",
    "bicycle": "yes"
   },
   "geometry": {
    "type": "LineString",
    "coordinates": [
     [
      -122.4415,
      37.7597
     ],
     [
      -122.4426,
      37.757
     ]
    ]
   }
  },
  {
   "type": "Feature",
   "properties": {
    "name": "Corbett Avenue",
    "highway": "secondary",
    "bicycle": "yes"
   },
   "geometry": {
    "type": "LineString",
    "coordinates": [
     [
      -122.4426,
      37.757
     ],
     [
      -122.4428,
      37.754
     ]
    ]
   }
  },
  {
   "type": "Feature",
   "properties": {
    "name": "Corbett Avenue",
    "highway": "secondary",
    "bicycle": "yes"
   },
   "geometry": {
    "type": "LineString",
    "coordinates": [
     [
      -122.4428,
      37.754
     ],
     [
      -122.4415,
      37.7518
     ]
    ]
   }
  },
  {
   "type": "Feature",
   "properties": {
    "name": "Corbett Avenue",
    "highway": "secondary",
    "bicycle": "yes"
   },
   "geometry": {
    "type": "LineString",
    "coordinates": [
     [
      -122.4415,
      37.7518
     ],
     [
      -122.4405,
      37.7508
     ]
    ]
   }
  },
  {
   "type": "Feature",
   "properties": {
    "name": "Burnett Avenue",
    "highway": "residential"
   },
   "geometry": {
    "type": "LineString",
    "coordinates": [
     [
      -122.4443,
      37.7475
     ],
     [
      -122.443,
      37.7488
     ]
    ]
   }
  },
  {
   "type": "Feature",
   "properties": {
    "name": "Burnett Avenue",
    "highway": "residential"
   },
   "geometry": {
    "type": "LineString",
    "coordinates": [
     [
      -122.443,
      37.7488
     ],
     [
      -122.4415,
      37.75
     ]
    ]
   }
  },
  {
   "type": "Feature",
   "properties": {
    "name": "Burnett Avenue",
    "highway": "residential"
   },
   "geometry": {
    "type": "LineString",
    "coordinates": [
     [
      -122.4415,
      37.75
     ],
     [
      -122.4405,
      37.7508
     ]
    ]
   }
  },
  {
   "type": "Feature",
   "properties": {
    "name": "Grand View Avenue",
    "highway": "residential"
   },
   "geometry": {
    "type": "LineString",
    "coordinates": [
     [
      -122.4405,
      37.7508
     ],
     [
      -122.4401,
      37.749
     ]
    ]
   }
  },
  {
   "type": "Feature",
   "properties": {
    "name": "Clipper Street",
    "highway": "residential"
   },
   "geometry": {
    "type": "LineString",
    "coordinates": [
     [
      -122.4401,
      37.749
     ],
     [
      -122.434401,
      37.748776
     ]
    ]
   }
  },
  {
   "type": "Feature",
   "properties": {
    "name": "Clipper Street",
    "highway": "residential"
   },
   "geometry": {
    "type": "LineString",
    "coordinates": [
     [
      -122.434401,
      37.748776
     ],
     [
      -122.432382,
      37.748876
     ]
    ]
   }
  },
  {
   "type": "Feature",
   "properties": {
    "name": "Clipper Street",
    "highway": "residential"
   },
   "geometry": {
    "type": "LineString",
    "coordinates": [
     [
      -122.432382,
      37.748876
     ],
     [
      -122.427709,
      37.749109
     ]
    ]
   }
  },
  {
   "type": "Feature",
   "properties": {
    "name": "Clipper Street",
    "highway": "residential"
   },
   "geometry": {
    "type": "LineString",
    "coordinates": [
     [
      -122.427709,
      37.749109
     ],
     [
      -122.425736,
      37.749208
     ]
    ]
   }
  }
 ]
}
